pi_time,motor_position,motor_speed,motor_current,motor_temperature
0.09527993202209473,0.14959965017094254,0.0,0.0,32
3.1046130657196045,0.0,0.0,0.0,31
3.1046130657196045,0.0,0.0,0.0,31
3.1253092288970947,0.0,-90.0,-0.05,31
3.1253092288970947,0.0,-90.0,-0.05,31
3.1448190212249756,0.0,180.0,-0.17,32
3.1448190212249756,0.0,180.0,-0.17,32
3.16469144821167,0.0,270.0,0.38,32
3.16469144821167,0.0,270.0,0.38,32
3.1846923828125,0.014959965017094255,1890.0,0.23,31
3.1846923828125,0.014959965017094255,1890.0,0.23,31
3.205009937286377,0.04487989505128277,1710.0,-0.19,32
3.205009937286377,0.04487989505128277,1710.0,-0.19,32
3.2251641750335693,0.04487989505128277,540.0,0.51,32
3.2251641750335693,0.04487989505128277,540.0,0.51,32
3.2455899715423584,0.07479982508547127,3690.0,-0.16,32
3.2455899715423584,0.07479982508547127,3690.0,-0.16,32
3.264885902404785,0.08975979010256555,720.0,0.47000000000000003,32
3.264885902404785,0.08975979010256555,720.0,0.47000000000000003,32
3.284921169281006,0.10471975511965978,3780.0,0.18,32
3.284921169281006,0.10471975511965978,3780.0,0.18,32
3.3057565689086914,0.11967972013675404,720.0,0.49,32
3.3057565689086914,0.11967972013675404,720.0,0.49,32
3.3252182006835938,0.1645596151880368,3870.0,0.07,31
3.3252182006835938,0.1645596151880368,3870.0,0.07,31
3.3473780155181885,0.1795195802051311,2700.0,0.02,31
3.3473780155181885,0.1795195802051311,2700.0,0.02,31
3.3647844791412354,0.19447954522222533,810.0,0.51,32
3.3647844791412354,0.19447954522222533,810.0,0.51,32
3.386176824569702,0.23935944027350808,4410.0,-0.02,32
3.386176824569702,0.23935944027350808,4410.0,-0.02,32
3.405308961868286,0.2543194052906023,2250.0,-0.27,31
3.405308961868286,0.2543194052906023,2250.0,-0.27,31
3.4259445667266846,0.2692793703076966,3330.0,0.23,31
3.4259445667266846,0.2692793703076966,3330.0,0.23,31
3.445329427719116,0.3141592653589793,3600.0,0.01,32
3.445329427719116,0.3141592653589793,3600.0,0.01,32
3.4647960662841797,0.3291192303760736,1800.0,0.37,32
3.4647960662841797,0.3291192303760736,1800.0,0.37,32
3.485039472579956,0.3590391604102622,3150.0,-0.24,32
3.485039472579956,0.3590391604102622,3150.0,-0.24,32
3.5049004554748535,0.38895909044445065,3690.0,0.22,32
3.5049004554748535,0.38895909044445065,3690.0,0.22,32
3.5248279571533203,0.4188790204786391,1800.0,0.32,32
3.5248279571533203,0.4188790204786391,1800.0,0.32,32
3.5451691150665283,0.4487989505128276,3780.0,-0.03,32
3.5451691150665283,0.4487989505128276,3780.0,-0.03,32
3.5654306411743164,0.4637589155299219,2250.0,0.28,32
3.5654306411743164,0.4637589155299219,2250.0,0.28,32
3.5848751068115234,0.4936788455641104,2340.0,0.25,32
3.5848751068115234,0.4936788455641104,2340.0,0.25,32
3.6053855419158936,0.5235987755982988,1530.0,0.41000000000000003,31
3.6053855419158936,0.5235987755982988,1530.0,0.41000000000000003,31
3.6249358654022217,0.5535187056324875,3870.0,-0.12,32
3.6249358654022217,0.5535187056324875,3870.0,-0.12,32
3.64497709274292,0.583438635666676,2970.0,-0.22,32
3.64497709274292,0.583438635666676,2970.0,-0.22,32
3.668647050857544,0.5983986006837702,720.0,0.5700000000000001,32
3.668647050857544,0.5983986006837702,720.0,0.5700000000000001,32
3.685598850250244,0.6283185307179586,4860.0,-0.01,32
3.685598850250244,0.6283185307179586,4860.0,-0.01,32
3.704934597015381,0.6582384607521472,2880.0,-0.14,32
3.704934597015381,0.6582384607521472,2880.0,-0.14,32
3.725229501724243,0.6731984257692414,3150.0,0.14,32
3.725229501724243,0.6731984257692414,3150.0,0.14,32
3.7447197437286377,0.70311835580343,1620.0,0.34,32
3.7447197437286377,0.70311835580343,1620.0,0.34,32
3.769141435623169,0.7330382858376184,3870.0,0.07,32
3.769141435623169,0.7330382858376184,3870.0,0.07,32
3.785518169403076,0.7479982508547127,810.0,0.54,32
3.785518169403076,0.7479982508547127,810.0,0.54,32
3.8072469234466553,0.7928781459059957,4230.0,-0.1,32
3.8254451751708984,0.7928781459059957,4230.0,-0.1,32
3.8254451751708984,0.8078381109230898,3060.0,0.17,32
3.8254451751708984,0.8078381109230898,3060.0,0.17,32
3.8452537059783936,0.8377580409572782,1800.0,-0.4,32
3.8452537059783936,0.8377580409572782,1800.0,-0.4,32
3.864783763885498,0.8527180059743724,2340.0,0.34,32
3.864783763885498,0.8527180059743724,2340.0,0.34,32
3.8847365379333496,0.882637936008561,2520.0,0.14,32
3.8847365379333496,0.882637936008561,2520.0,0.14,32
3.9050307273864746,0.8975979010256552,450.0,0.5700000000000001,31
3.9253714084625244,0.8975979010256552,450.0,0.5700000000000001,31
3.9253714084625244,0.9275178310598438,4860.0,0.14,31
3.9253714084625244,0.9275178310598438,4860.0,0.14,31
3.9474453926086426,0.9574377610940323,2610.0,0.01,31
3.9474453926086426,0.9574377610940323,2610.0,0.01,31
3.964867115020752,0.9574377610940323,990.0,0.42,32
3.9859414100646973,0.9574377610940323,990.0,0.42,32
3.9859414100646973,1.002317656145315,3420.0,-0.05,32
3.9859414100646973,1.002317656145315,3420.0,-0.05,32
4.005232334136963,1.002317656145315,1350.0,0.41000000000000003,32
4.005232334136963,1.002317656145315,1350.0,0.41000000000000003,32
4.025186061859131,1.0471975511965976,2970.0,-0.15,32
4.025186061859131,1.0471975511965976,2970.0,-0.15,32
4.045300245285034,1.0471975511965976,1260.0,0.42,32
4.045300245285034,1.0471975511965976,1260.0,0.42,32
4.065372943878174,1.0920774462478806,2520.0,-0.23,32
4.065372943878174,1.0920774462478806,2520.0,-0.23,32
4.084728002548218,1.0920774462478806,900.0,0.54,32
4.084728002548218,1.0920774462478806,900.0,0.54,32
4.104815721511841,1.121997376282069,3150.0,-0.04,31
4.104815721511841,1.121997376282069,3150.0,-0.04,31
4.124711751937866,1.1369573412991634,630.0,0.48,32
4.144989013671875,1.1369573412991634,630.0,0.48,32
4.144989013671875,1.1519173063162578,2340.0,-0.23,31
4.144989013671875,1.1519173063162578,2340.0,-0.23,31
4.165447235107422,1.166877271333352,720.0,0.37,32
4.165447235107422,1.166877271333352,720.0,0.37,32
4.18522572517395,1.1967972013675403,3600.0,0.0,32
4.18522572517395,1.1967972013675403,3600.0,0.0,32
4.207847595214844,1.2117571663846345,1170.0,-0.13,32
4.207847595214844,1.2117571663846345,1170.0,-0.13,32
4.228386402130127,1.2267171314017289,1440.0,0.17,31
4.228386402130127,1.2267171314017289,1440.0,0.17,31
4.244706392288208,1.2416770964188233,180.0,0.41000000000000003,32
4.244706392288208,1.2416770964188233,180.0,0.41000000000000003,32
4.265108823776245,1.2566370614359172,3150.0,0.01,32
4.265108823776245,1.2566370614359172,3150.0,0.01,32
4.285276889801025,1.2715970264530116,1260.0,-0.19,32
4.285276889801025,1.2715970264530116,1260.0,-0.19,32
4.304935932159424,1.2865569914701058,540.0,0.44,32
4.304935932159424,1.2865569914701058,540.0,0.44,32
4.325344800949097,1.3015169564872002,2700.0,-0.16,32
4.325344800949097,1.3015169564872002,2700.0,-0.16,32
4.3450608253479,1.3164769215042944,2160.0,-0.1,32
4.3450608253479,1.3164769215042944,2160.0,-0.1,32
4.368988513946533,1.3314368865213886,630.0,0.37,32
4.368988513946533,1.3314368865213886,630.0,0.37,32
4.3850579261779785,1.3463968515384828,900.0,-0.33,32
4.3850579261779785,1.3463968515384828,900.0,-0.33,32
4.4047324657440186,1.3463968515384828,450.0,0.51,32
4.4047324657440186,1.3463968515384828,450.0,0.51,32
4.424962997436523,1.3763167815726716,2880.0,-0.08,32
4.424962997436523,1.3763167815726716,2880.0,-0.08,32
4.4456541538238525,1.3763167815726716,630.0,-0.1,31
4.4456541538238525,1.3763167815726716,630.0,-0.1,31
4.466108083724976,1.3912767465897655,180.0,-0.33,32
4.466108083724976,1.3912767465897655,180.0,-0.33,32
4.484894037246704,1.3912767465897655,270.0,0.52,32
4.484894037246704,1.3912767465897655,270.0,0.52,32
4.505159616470337,1.40623671160686,2790.0,-0.08,32
4.505159616470337,1.40623671160686,2790.0,-0.08,32
4.526294946670532,1.40623671160686,90.0,0.44,32
4.526294946670532,1.40623671160686,90.0,0.44,32
4.546371936798096,1.421196676623954,1080.0,0.38,32
4.546371936798096,1.421196676623954,1080.0,0.38,32
4.5660271644592285,1.4361566416410487,90.0,-0.32,32
4.5660271644592285,1.4361566416410487,90.0,-0.32,32
4.585148096084595,1.4361566416410487,270.0,0.38,32
4.585148096084595,1.4361566416410487,270.0,0.38,32
4.605270862579346,1.451116606658143,1800.0,-0.08,32
4.605270862579346,1.451116606658143,1800.0,-0.08,32
4.625175714492798,1.451116606658143,0.0,-0.26,31
4.625175714492798,1.451116606658143,0.0,-0.26,31
4.645287275314331,1.451116606658143,0.0,0.35000000000000003,32
4.645287275314331,1.451116606658143,0.0,0.35000000000000003,32
4.666532754898071,1.451116606658143,270.0,0.4,32
4.666532754898071,1.451116606658143,270.0,0.4,32
4.685013294219971,1.4660765716752369,2430.0,0.13,32
4.685013294219971,1.4660765716752369,2430.0,0.13,32
4.705207824707031,1.4660765716752369,180.0,-0.09,32
4.705207824707031,1.4660765716752369,180.0,-0.09,32
4.725144624710083,1.4660765716752369,0.0,-0.15,32
4.725144624710083,1.4660765716752369,0.0,-0.15,32
4.745122194290161,1.4660765716752369,0.0,-0.19,32
4.745122194290161,1.4660765716752369,0.0,-0.19,32
4.766042709350586,1.4660765716752369,0.0,-0.21,32
4.766042709350586,1.4660765716752369,0.0,-0.21,32
4.788453578948975,1.4660765716752369,0.0,-0.27,32
4.805525541305542,1.4660765716752369,0.0,-0.27,32
4.805525541305542,1.4660765716752369,0.0,-0.27,32
4.805525541305542,1.4660765716752369,0.0,-0.27,32
4.825360536575317,1.4810365366923313,90.0,-0.3,32
4.825360536575317,1.4810365366923313,90.0,-0.3,32
4.845925331115723,1.4660765716752369,0.0,-0.25,32
4.845925331115723,1.4660765716752369,0.0,-0.25,32
4.8647565841674805,1.4660765716752369,0.0,-0.23,32
4.8647565841674805,1.4660765716752369,0.0,-0.23,32
4.884829759597778,1.4660765716752369,0.0,-0.17,32
4.884829759597778,1.4660765716752369,0.0,-0.17,32
4.904911279678345,1.4660765716752369,-90.0,-0.13,32
4.904911279678345,1.4660765716752369,-90.0,-0.13,32
4.924867391586304,1.4660765716752369,0.0,-0.04,32
4.924867391586304,1.4660765716752369,0.0,-0.04,32
4.944859743118286,1.4660765716752369,0.0,-0.06,32
4.944859743118286,1.4660765716752369,0.0,-0.06,32
4.964903116226196,1.4660765716752369,-90.0,-0.18,32
4.964903116226196,1.4660765716752369,-90.0,-0.18,32
4.986562728881836,1.4660765716752369,-270.0,-0.31,32
4.986562728881836,1.4660765716752369,-270.0,-0.31,32
5.006152153015137,1.4660765716752369,-270.0,0.42,32
5.006152153015137,1.4660765716752369,-270.0,0.42,32
5.027018070220947,1.4361566416410487,-2700.0,0.03,32
5.027018070220947,1.4361566416410487,-2700.0,0.03,32
5.0457117557525635,1.4361566416410487,-360.0,-0.28,31
5.0457117557525635,1.4361566416410487,-360.0,-0.28,31
5.06547474861145,1.4361566416410487,-180.0,0.47000000000000003,31
5.06547474861145,1.4361566416410487,-180.0,0.47000000000000003,31
5.084748983383179,1.421196676623954,-2610.0,0.0,31
5.084748983383179,1.421196676623954,-2610.0,0.0,31
5.104923963546753,1.40623671160686,-1080.0,-0.04,32
5.104923963546753,1.40623671160686,-1080.0,-0.04,32
5.125005722045898,1.40623671160686,-180.0,-0.06,32
5.125005722045898,1.40623671160686,-180.0,-0.06,32
5.145296812057495,1.40623671160686,-180.0,0.28,32
5.145296812057495,1.40623671160686,-180.0,0.28,32
5.165844917297363,1.3912767465897655,-2160.0,0.05,32
5.165844917297363,1.3912767465897655,-2160.0,0.05,32
5.184820175170898,1.3763167815726716,-360.0,-0.25,32
5.184820175170898,1.3763167815726716,-360.0,-0.25,32
5.204908132553101,1.3763167815726716,-540.0,0.43,32
5.204908132553101,1.3763167815726716,-540.0,0.43,32
5.227666854858398,1.3463968515384828,-2520.0,0.11,32
5.227666854858398,1.3463968515384828,-2520.0,0.11,32
5.245264768600464,1.3314368865213886,-540.0,-0.15,31
5.245264768600464,1.3314368865213886,-540.0,-0.15,31
5.264992713928223,1.3314368865213886,-450.0,0.43,32
5.285159349441528,1.3164769215042944,-2610.0,0.17,32
5.285159349441528,1.3164769215042944,-2610.0,0.17,32
5.285159349441528,1.3164769215042944,-2610.0,0.17,32
5.306362152099609,1.3015169564872002,-1260.0,-0.26,32
5.306362152099609,1.3015169564872002,-1260.0,-0.26,32
5.326385021209717,1.2865569914701058,-360.0,0.48,32
5.326385021209717,1.2865569914701058,-360.0,0.48,32
5.345824480056763,1.2715970264530116,-3600.0,-0.13,32
5.345824480056763,1.2715970264530116,-3600.0,-0.13,32
5.3662109375,1.2566370614359172,-630.0,-0.31,32
5.3662109375,1.2566370614359172,-630.0,-0.31,32
5.385275840759277,1.2416770964188233,-810.0,0.48,32
5.385275840759277,1.2416770964188233,-810.0,0.48,32
5.405051946640015,1.2267171314017289,-1080.0,-0.44,32
5.405051946640015,1.2267171314017289,-1080.0,-0.44,32
5.4258341789245605,1.2117571663846345,-2880.0,-0.22,31
5.4258341789245605,1.2117571663846345,-2880.0,-0.22,31
5.446544170379639,1.181837236350446,-1890.0,-0.27,31
5.446544170379639,1.181837236350446,-1890.0,-0.27,31
5.467145681381226,1.181837236350446,-810.0,0.56,31
5.467145681381226,1.181837236350446,-810.0,0.56,31
5.485119819641113,1.1369573412991634,-4230.0,0.12,32
5.485119819641113,1.1369573412991634,-4230.0,0.12,32
5.504899740219116,1.1369573412991634,-810.0,0.41000000000000003,32
5.504899740219116,1.1369573412991634,-810.0,0.41000000000000003,32
5.524852991104126,1.107037411264975,-3420.0,0.15,32
5.524852991104126,1.107037411264975,-3420.0,0.15,32
5.545331001281738,1.0920774462478806,-630.0,0.29,31
5.545331001281738,1.0920774462478806,-630.0,0.29,31
5.56525444984436,1.0771174812307864,-2700.0,-0.23,31
5.56525444984436,1.0771174812307864,-2700.0,-0.23,31
5.585081100463867,1.0471975511965976,-3060.0,0.19,32
5.585081100463867,1.0471975511965976,-3060.0,0.19,32
5.6048359870910645,1.0322375861795037,-1080.0,0.45,31
5.6048359870910645,1.0322375861795037,-1080.0,0.45,31
5.624949216842651,1.0172776211624093,-3510.0,0.18,32
5.624949216842651,1.0172776211624093,-3510.0,0.18,32
5.645978927612305,0.9873576911282208,-810.0,0.49,31
5.645978927612305,0.9873576911282208,-810.0,0.49,31
5.6667656898498535,0.9723977261111265,-3870.0,0.18,31
5.6667656898498535,0.9723977261111265,-3870.0,0.18,31
5.685381889343262,0.9424777960769382,-630.0,0.5,31
5.685381889343262,0.9424777960769382,-630.0,0.5,31
5.704909324645996,0.9275178310598438,-3600.0,0.18,31
5.704909324645996,0.9275178310598438,-3600.0,0.18,31
5.725053787231445,0.8975979010256552,-1350.0,0.36,31
5.725053787231445,0.8975979010256552,-1350.0,0.36,31
5.74525785446167,0.8676779709914668,-2340.0,-0.06,32
5.74525785446167,0.8676779709914668,-2340.0,-0.06,32
5.764719486236572,0.8527180059743724,-2430.0,0.07,32
5.764719486236572,0.8527180059743724,-2430.0,0.07,32
5.7851598262786865,0.8227980759401841,-2700.0,0.01,31
5.7851598262786865,0.8227980759401841,-2700.0,0.01,31
5.8066020011901855,0.8078381109230898,-3060.0,0.09,32
5.8066020011901855,0.8078381109230898,-3060.0,0.09,32
5.825727939605713,0.7779181808889013,-1800.0,-0.37,32
5.825727939605713,0.7779181808889013,-1800.0,-0.37,32
5.844984531402588,0.7629582158718071,-3780.0,0.28,31
5.844984531402588,0.7629582158718071,-3780.0,0.28,31
5.865870952606201,0.7330382858376184,-1350.0,0.49,31
5.865870952606201,0.7330382858376184,-1350.0,0.49,31
5.8849804401397705,0.6881583907863358,-3780.0,-0.12,32
5.8849804401397705,0.6881583907863358,-3780.0,-0.12,32
5.904927968978882,0.6881583907863358,-1530.0,0.5700000000000001,31
5.904927968978882,0.6881583907863358,-1530.0,0.5700000000000001,31
5.924821138381958,0.6432784957350529,-4050.0,0.07,31
5.944709539413452,0.6432784957350529,-4050.0,0.07,31
5.944709539413452,0.6283185307179586,-810.0,0.45,32
5.944709539413452,0.6283185307179586,-810.0,0.45,32
5.96497654914856,0.583438635666676,-4950.0,-0.09,31
5.96497654914856,0.583438635666676,-4950.0,-0.09,31
5.984830617904663,0.5684786706495817,-2700.0,-0.15,32
6.005915641784668,0.5684786706495817,-2700.0,-0.15,32
6.005915641784668,0.5385587406153932,-3420.0,0.22,32
6.005915641784668,0.5385587406153932,-3420.0,0.22,32
6.0247766971588135,0.5086388105812046,-2880.0,0.12,31
6.0247766971588135,0.5086388105812046,-2880.0,0.12,31
6.044904708862305,0.47871888054701617,-3060.0,-0.17,32
6.044904708862305,0.47871888054701617,-3060.0,-0.17,32
6.066779613494873,0.4637589155299219,-2790.0,0.36,31
6.066779613494873,0.4637589155299219,-2790.0,0.36,31
6.084885120391846,0.4338389854957334,-1980.0,0.45,31
6.105003595352173,0.4338389854957334,-1980.0,0.45,31
6.105003595352173,0.38895909044445065,-4050.0,-0.02,32
6.105003595352173,0.38895909044445065,-4050.0,-0.02,32
6.125425577163696,0.37399912542735636,-3240.0,-0.14,31
6.125425577163696,0.37399912542735636,-3240.0,-0.14,31
6.14505934715271,0.3440791953931679,-1890.0,0.2,31
6.14505934715271,0.3440791953931679,-1890.0,0.2,31
6.164888143539429,0.3141592653589793,-3150.0,0.11,31
6.164888143539429,0.3141592653589793,-3150.0,0.11,31
6.185298681259155,0.28423933532479084,-3780.0,0.21,31
6.185298681259155,0.28423933532479084,-3780.0,0.21,31
6.204853057861328,0.2543194052906023,-3600.0,-0.03,32
6.204853057861328,0.2543194052906023,-3600.0,-0.03,32
6.225023031234741,0.2243994752564138,-2790.0,0.17,32
6.244798421859741,0.2243994752564138,-2790.0,0.17,32
6.244798421859741,0.19447954522222533,-3150.0,-0.16,32
6.244798421859741,0.19447954522222533,-3150.0,-0.16,32
6.264949083328247,0.1795195802051311,-720.0,0.71,32
6.264949083328247,0.1795195802051311,-720.0,0.71,32
6.286211013793945,0.1346396851538483,-5310.0,-0.04,32
6.286211013793945,0.1346396851538483,-5310.0,-0.04,32
6.305694580078125,0.10471975511965978,-2160.0,0.19,32
6.305694580078125,0.10471975511965978,-2160.0,0.19,32
6.325581312179565,0.07479982508547127,-3240.0,0.06,31
6.325581312179565,0.07479982508547127,-3240.0,0.06,31
6.346867322921753,0.04487989505128277,-2430.0,0.27,31
6.346867322921753,0.04487989505128277,-2430.0,0.27,31
6.36489725112915,0.014959965017094255,-3420.0,0.23,32
6.36489725112915,0.014959965017094255,-3420.0,0.23,32
6.384849786758423,0.0,-3870.0,-0.12,31
6.384849786758423,0.0,-3870.0,-0.12,31
6.405128002166748,-0.02991993003418851,-3510.0,0.29,32
6.405128002166748,-0.02991993003418851,-3510.0,0.29,32
6.426663637161255,-0.04487989505128277,-2250.0,0.31,32
6.426663637161255,-0.04487989505128277,-2250.0,0.31,32
6.4470977783203125,-0.08975979010256555,-3510.0,0.16,32
6.4470977783203125,-0.08975979010256555,-3510.0,0.16,32
6.464725017547607,-0.10471975511965978,-1980.0,0.35000000000000003,32
6.464725017547607,-0.10471975511965978,-1980.0,0.35000000000000003,32
6.484920263290405,-0.14959965017094254,-4320.0,0.06,32
6.484920263290405,-0.14959965017094254,-4320.0,0.06,32
6.50493311882019,-0.1645596151880368,-2700.0,0.2,32
6.50493311882019,-0.1645596151880368,-2700.0,0.2,32
6.525490999221802,-0.19447954522222533,-2250.0,0.31,32
6.525490999221802,-0.19447954522222533,-2250.0,0.31,32
6.544948577880859,-0.23935944027350808,-3870.0,-0.12,32
6.544948577880859,-0.23935944027350808,-3870.0,-0.12,32
6.566318035125732,-0.2543194052906023,-1800.0,0.5,32
6.566318035125732,-0.2543194052906023,-1800.0,0.5,32
6.584994554519653,-0.28423933532479084,-4410.0,0.24,32
6.584994554519653,-0.28423933532479084,-4410.0,0.24,32
6.604953050613403,-0.3141592653589793,-2970.0,-0.28,32
6.604953050613403,-0.3141592653589793,-2970.0,-0.28,32
6.6248939037323,-0.3440791953931679,-3870.0,0.23,32
6.6248939037323,-0.3440791953931679,-3870.0,0.23,32
6.644742012023926,-0.37399912542735636,-3780.0,0.08,32
6.644742012023926,-0.37399912542735636,-3780.0,0.08,32
6.665020704269409,-0.4039190554615449,-3330.0,0.02,32
6.665020704269409,-0.4039190554615449,-3330.0,0.02,32
6.684758186340332,-0.4338389854957334,-3060.0,0.19,31
6.684758186340332,-0.4338389854957334,-3060.0,0.19,31
6.704745769500732,-0.4487989505128276,-900.0,0.6,32
6.704745769500732,-0.4487989505128276,-900.0,0.6,32
6.724765777587891,-0.4936788455641104,-5310.0,0.03,32
6.724765777587891,-0.4936788455641104,-5310.0,0.03,32
6.744755744934082,-0.5086388105812046,-1440.0,0.51,32
6.744755744934082,-0.5086388105812046,-1440.0,0.51,32
6.764963388442993,-0.5535187056324875,-4500.0,0.0,32
6.764963388442993,-0.5535187056324875,-4500.0,0.0,32
6.785155534744263,-0.5535187056324875,-810.0,0.64,31
6.785155534744263,-0.5535187056324875,-810.0,0.64,31
6.804901123046875,-0.5983986006837702,-3870.0,-0.22,32
6.804901123046875,-0.5983986006837702,-3870.0,-0.22,32
6.824886322021484,-0.6283185307179586,-2700.0,0.13,32
6.824886322021484,-0.6283185307179586,-2700.0,0.13,32
6.844871282577515,-0.6432784957350529,-1170.0,0.41000000000000003,32
6.844871282577515,-0.6432784957350529,-1170.0,0.41000000000000003,32
6.867665529251099,-0.6881583907863358,-3960.0,-0.01,32
6.867665529251099,-0.6881583907863358,-3960.0,-0.01,32
6.892497301101685,-0.70311835580343,-1980.0,0.34,32
6.892497301101685,-0.70311835580343,-1980.0,0.34,32
6.907022714614868,-0.7180783208205244,-3150.0,0.29,32
6.907022714614868,-0.7180783208205244,-3150.0,0.29,32
6.927185535430908,-0.7629582158718071,-3150.0,-0.12,32
6.945377588272095,-0.7629582158718071,-3150.0,-0.12,32
6.945377588272095,-0.7779181808889013,-1980.0,0.28,32
6.945377588272095,-0.7779181808889013,-1980.0,0.28,32
6.964861631393433,-0.8078381109230898,-3240.0,-0.19,32
6.964861631393433,-0.8078381109230898,-3240.0,-0.19,32
6.986373424530029,-0.8377580409572782,-2790.0,-0.24,32
7.005568027496338,-0.8377580409572782,-2790.0,-0.24,32
7.005568027496338,-0.8527180059743724,-3150.0,0.24,32
7.005568027496338,-0.8527180059743724,-3150.0,0.24,32
7.0248494148254395,-0.882637936008561,-2700.0,0.21,32
7.0248494148254395,-0.882637936008561,-2700.0,0.21,32
7.046405076980591,-0.8975979010256552,-630.0,0.48,31
7.046405076980591,-0.8975979010256552,-630.0,0.48,31
7.065027713775635,-0.9275178310598438,-4230.0,0.0,32
7.085305213928223,-0.9275178310598438,-4230.0,0.0,32
7.085305213928223,-0.9424777960769382,-990.0,0.39,32
7.085305213928223,-0.9424777960769382,-990.0,0.39,32
7.105071783065796,-0.9723977261111265,-3240.0,-0.03,32
7.105071783065796,-0.9723977261111265,-3240.0,-0.03,32
7.124935626983643,-0.9873576911282208,-900.0,0.5,32
7.124935626983643,-0.9873576911282208,-900.0,0.5,32
7.146209478378296,-1.0172776211624093,-3780.0,-0.1,32
7.146209478378296,-1.0172776211624093,-3780.0,-0.1,32
7.1654953956604,-1.0322375861795037,-990.0,0.52,32
7.1654953956604,-1.0322375861795037,-990.0,0.52,32
7.184859037399292,-1.062157516213692,-3150.0,-0.13,32
7.184859037399292,-1.062157516213692,-3150.0,-0.13,32
7.206693172454834,-1.0771174812307864,-990.0,0.54,32
7.206693172454834,-1.0771174812307864,-990.0,0.54,32
7.224756956100464,-1.0920774462478806,-1800.0,0.29,32
7.244872808456421,-1.0920774462478806,-1800.0,0.29,32
7.244872808456421,-1.107037411264975,-630.0,0.49,32
7.244872808456421,-1.107037411264975,-630.0,0.49,32
7.270995616912842,-1.1369573412991634,-3870.0,0.07,32
7.270995616912842,-1.1369573412991634,-3870.0,0.07,32
7.285012483596802,-1.1519173063162578,-630.0,0.38,31
7.285012483596802,-1.1519173063162578,-630.0,0.38,31
7.307656764984131,-1.166877271333352,-3060.0,0.14,32
7.307656764984131,-1.166877271333352,-3060.0,0.14,32
7.324824571609497,-1.1967972013675403,-990.0,-0.29,32
7.324824571609497,-1.1967972013675403,-990.0,-0.29,32
7.344915151596069,-1.1967972013675403,-630.0,0.54,32
7.344915151596069,-1.1967972013675403,-630.0,0.54,32
7.364930629730225,-1.2267171314017289,-3600.0,0.07,32
7.364930629730225,-1.2267171314017289,-3600.0,0.07,32
7.38721489906311,-1.2416770964188233,-630.0,0.41000000000000003,32
7.38721489906311,-1.2416770964188233,-630.0,0.41000000000000003,32
7.4048449993133545,-1.2566370614359172,-2160.0,0.3,32
7.4048449993133545,-1.2566370614359172,-2160.0,0.3,32
7.425120830535889,-1.2865569914701058,-1620.0,-0.25,32
7.425120830535889,-1.2865569914701058,-1620.0,-0.25,32
7.445124864578247,-1.2865569914701058,-450.0,0.48,32
7.445124864578247,-1.2865569914701058,-450.0,0.48,32
7.465078830718994,-1.3015169564872002,-1530.0,-0.36,32
7.465078830718994,-1.3015169564872002,-1530.0,-0.36,32
7.4848902225494385,-1.3015169564872002,-810.0,0.51,32
7.4848902225494385,-1.3015169564872002,-810.0,0.51,32
7.504747629165649,-1.3314368865213886,-2250.0,-0.06,32
7.504747629165649,-1.3314368865213886,-2250.0,-0.06,32
7.526726961135864,-1.3463968515384828,-360.0,-0.32,32
7.526726961135864,-1.3463968515384828,-360.0,-0.32,32
7.545000791549683,-1.3463968515384828,-360.0,0.5700000000000001,32
7.545000791549683,-1.3463968515384828,-360.0,0.5700000000000001,32
7.565129995346069,-1.3613568165555772,-1800.0,0.36,32
7.565129995346069,-1.3613568165555772,-1800.0,0.36,32
7.587759494781494,-1.3912767465897655,-1980.0,-0.04,32
7.587759494781494,-1.3912767465897655,-1980.0,-0.04,32
7.60716438293457,-1.3912767465897655,-90.0,-0.3,32
7.60716438293457,-1.3912767465897655,-90.0,-0.3,32
7.624959230422974,-1.3912767465897655,-360.0,0.44,32
7.624959230422974,-1.3912767465897655,-360.0,0.44,32
7.645714282989502,-1.40623671160686,-3150.0,0.04,32
7.645714282989502,-1.40623671160686,-3150.0,0.04,32
7.665457725524902,-1.421196676623954,-360.0,-0.28,32
7.665457725524902,-1.421196676623954,-360.0,-0.28,32
7.688947916030884,-1.421196676623954,-630.0,-0.16,32
7.706437110900879,-1.421196676623954,-630.0,-0.16,32
7.706437110900879,-1.421196676623954,0.0,-0.28,32
7.727768659591675,-1.421196676623954,0.0,-0.28,32
7.727768659591675,-1.4361566416410487,-180.0,0.39,32
7.727768659591675,-1.4361566416410487,-180.0,0.39,32
7.746620416641235,-1.451116606658143,-2700.0,0.16,32
7.746620416641235,-1.451116606658143,-2700.0,0.16,32
7.76798415184021,-1.451116606658143,-450.0,-0.18,32
7.76798415184021,-1.451116606658143,-450.0,-0.18,32
7.7882537841796875,-1.451116606658143,0.0,0.25,32
7.7882537841796875,-1.451116606658143,0.0,0.25,32
7.807088136672974,-1.451116606658143,-90.0,0.37,32
7.807088136672974,-1.451116606658143,-90.0,0.37,32
7.826922416687012,-1.451116606658143,-270.0,0.46,32
7.826922416687012,-1.451116606658143,-270.0,0.46,32
7.844871759414673,-1.4660765716752369,-2340.0,-0.01,32
7.844871759414673,-1.4660765716752369,-2340.0,-0.01,32
7.865532159805298,-1.4660765716752369,-90.0,-0.21,32
7.865532159805298,-1.4660765716752369,-90.0,-0.21,32
7.8846282958984375,-1.4660765716752369,0.0,-0.25,32
7.8846282958984375,-1.4660765716752369,0.0,-0.25,32
7.904989004135132,-1.4660765716752369,-90.0,-0.3,32
7.904989004135132,-1.4660765716752369,-90.0,-0.3,32
7.9249961376190186,-1.4660765716752369,0.0,-0.32,32
7.9249961376190186,-1.4660765716752369,0.0,-0.32,32
7.9464499950408936,-1.4660765716752369,0.0,0.35000000000000003,32
7.9464499950408936,-1.4660765716752369,0.0,0.35000000000000003,32
7.964871168136597,-1.4660765716752369,0.0,0.35000000000000003,32
7.964871168136597,-1.4660765716752369,0.0,0.35000000000000003,32
7.986041784286499,-1.4660765716752369,0.0,-0.33,32
7.986041784286499,-1.4660765716752369,0.0,-0.33,32
8.00469160079956,-1.4660765716752369,0.0,-0.3,32
8.00469160079956,-1.4660765716752369,0.0,-0.3,32
8.0251784324646,-1.4660765716752369,0.0,-0.24,32
8.0251784324646,-1.4660765716752369,0.0,-0.24,32
8.046549558639526,-1.4660765716752369,0.0,-0.19,32
8.046549558639526,-1.4660765716752369,0.0,-0.19,32
8.071215152740479,-1.4660765716752369,0.0,-0.12,32
8.084792375564575,-1.4660765716752369,0.0,-0.12,32
8.084792375564575,-1.4660765716752369,90.0,-0.04,32
8.084792375564575,-1.4660765716752369,90.0,-0.04,32
8.104884147644043,-1.4660765716752369,90.0,-0.09,32
8.104884147644043,-1.4660765716752369,90.0,-0.09,32
8.125330686569214,-1.4660765716752369,180.0,-0.24,32
8.125330686569214,-1.4660765716752369,180.0,-0.24,32
8.144954442977905,-1.4660765716752369,270.0,-0.34,32
8.144954442977905,-1.4660765716752369,270.0,-0.34,32
8.167361736297607,-1.451116606658143,2160.0,-0.04,32
8.167361736297607,-1.451116606658143,2160.0,-0.04,32
8.185254335403442,-1.451116606658143,180.0,-0.33,32
8.185254335403442,-1.451116606658143,180.0,-0.33,32
8.20472240447998,-1.451116606658143,90.0,0.53,32
8.20472240447998,-1.451116606658143,90.0,0.53,32
8.224764823913574,-1.4361566416410487,990.0,0.51,32
8.245405912399292,-1.4361566416410487,990.0,0.51,32
8.245405912399292,-1.421196676623954,540.0,-0.4,32
8.245405912399292,-1.421196676623954,540.0,-0.4,32
8.264862298965454,-1.40623671160686,1080.0,0.39,32
8.264862298965454,-1.40623671160686,1080.0,0.39,32
8.284799337387085,-1.40623671160686,270.0,0.4,32
8.284799337387085,-1.40623671160686,270.0,0.4,32
8.306712865829468,-1.3912767465897655,810.0,0.39,32
8.306712865829468,-1.3912767465897655,810.0,0.39,32
8.324702978134155,-1.3763167815726716,270.0,-0.4,32
8.324702978134155,-1.3763167815726716,270.0,-0.4,32
8.344805240631104,-1.3763167815726716,900.0,0.39,31
8.344805240631104,-1.3763167815726716,900.0,0.39,31
8.366711378097534,-1.3463968515384828,2610.0,0.2,32
8.366711378097534,-1.3463968515384828,2610.0,0.2,32
8.384767293930054,-1.3314368865213886,450.0,-0.16,32
8.384767293930054,-1.3314368865213886,450.0,-0.16,32
8.405155181884766,-1.3314368865213886,450.0,0.37,32
8.405155181884766,-1.3314368865213886,450.0,0.37,32
8.425043106079102,-1.3164769215042944,3150.0,-0.07,32
8.425043106079102,-1.3164769215042944,3150.0,-0.07,32
8.44523811340332,-1.3015169564872002,720.0,-0.19,32
8.44523811340332,-1.3015169564872002,720.0,-0.19,32
8.465780258178711,-1.2865569914701058,360.0,0.4,32
8.465780258178711,-1.2865569914701058,360.0,0.4,32
8.485268592834473,-1.2715970264530116,2970.0,0.11,32
8.485268592834473,-1.2715970264530116,2970.0,0.11,32
8.504918813705444,-1.2566370614359172,2250.0,-0.16,32
8.504918813705444,-1.2566370614359172,2250.0,-0.16,32
8.526848554611206,-1.2416770964188233,810.0,0.44,32
8.54807424545288,-1.2416770964188233,810.0,0.44,32
8.54807424545288,-1.2117571663846345,2340.0,-0.16,32
8.54807424545288,-1.2117571663846345,2340.0,-0.16,32
8.565223932266235,-1.2117571663846345,540.0,-0.36,32
8.565223932266235,-1.2117571663846345,540.0,-0.36,32
8.5859854221344,-1.181837236350446,3150.0,0.06,32
8.5859854221344,-1.181837236350446,3150.0,0.06,32
8.605467319488525,-1.181837236350446,630.0,0.59,32
8.605467319488525,-1.181837236350446,630.0,0.59,32
8.626792907714844,-1.1519173063162578,3600.0,0.02,32
8.626792907714844,-1.1519173063162578,3600.0,0.02,32
8.644798517227173,-1.1369573412991634,540.0,0.58,32
8.644798517227173,-1.1369573412991634,540.0,0.58,32
8.664947032928467,-1.121997376282069,3780.0,0.19,32
8.664947032928467,-1.121997376282069,3780.0,0.19,32
8.685458660125732,-1.0920774462478806,990.0,0.33,32
8.685458660125732,-1.0920774462478806,990.0,0.33,32
8.707537412643433,-1.0771174812307864,2790.0,-0.14,32
8.707537412643433,-1.0771174812307864,2790.0,-0.14,32
8.725605010986328,-1.062157516213692,1350.0,0.32,32
8.725605010986328,-1.062157516213692,1350.0,0.32,32
8.744913816452026,-1.0322375861795037,3690.0,0.07,32
8.744913816452026,-1.0322375861795037,3690.0,0.07,32
8.766288042068481,-1.0172776211624093,1260.0,-0.31,32
8.766288042068481,-1.0172776211624093,1260.0,-0.31,32
8.784807205200195,-0.9873576911282208,3600.0,0.1,32
8.784807205200195,-0.9873576911282208,3600.0,0.1,32
8.805368661880493,-0.9723977261111265,1260.0,0.41000000000000003,32
8.805368661880493,-0.9723977261111265,1260.0,0.41000000000000003,32
8.825575828552246,-0.9424777960769382,3780.0,0.15,32
8.825575828552246,-0.9424777960769382,3780.0,0.15,32
8.845133781433105,-0.9275178310598438,720.0,0.52,32
8.864818096160889,-0.9275178310598438,720.0,0.52,32
8.864818096160889,-0.8975979010256552,3960.0,0.2,32
8.864818096160889,-0.8975979010256552,3960.0,0.2,32
8.884800910949707,-0.882637936008561,540.0,0.55,32
8.884800910949707,-0.882637936008561,540.0,0.55,32
8.908125638961792,-0.8527180059743724,4770.0,-0.06,32
8.908125638961792,-0.8527180059743724,4770.0,-0.06,32
8.924914121627808,-0.8227980759401841,2700.0,0.0,32
8.924914121627808,-0.8227980759401841,2700.0,0.0,32
8.94586181640625,-0.8078381109230898,1440.0,0.42,32
8.94586181640625,-0.8078381109230898,1440.0,0.42,32
8.964900255203247,-0.7779181808889013,3150.0,-0.27,32
8.964900255203247,-0.7779181808889013,3150.0,-0.27,32
8.984633684158325,-0.7629582158718071,3420.0,0.19,32
8.984633684158325,-0.7629582158718071,3420.0,0.19,32
9.006193399429321,-0.7330382858376184,1260.0,0.45,32
9.006193399429321,-0.7330382858376184,1260.0,0.45,32
9.02686095237732,-0.6881583907863358,4680.0,0.06,32
9.02686095237732,-0.6881583907863358,4680.0,0.06,32
9.047798156738281,-0.6881583907863358,1170.0,0.52,32
9.047798156738281,-0.6881583907863358,1170.0,0.52,32
9.064777612686157,-0.6432784957350529,3420.0,-0.23,32
9.064777612686157,-0.6432784957350529,3420.0,-0.23,32
9.084809064865112,-0.6283185307179586,1170.0,0.51,32
9.084809064865112,-0.6283185307179586,1170.0,0.51,32
9.105259895324707,-0.5983986006837702,4500.0,0.08,32
9.105259895324707,-0.5983986006837702,4500.0,0.08,32
9.126938819885254,-0.5684786706495817,2700.0,-0.15,32
9.145331859588623,-0.5684786706495817,2700.0,-0.15,32
9.145331859588623,-0.5385587406153932,3780.0,0.17,32
9.145331859588623,-0.5385587406153932,3780.0,0.17,32
9.164880752563477,-0.5235987755982988,1530.0,0.49,32
9.164880752563477,-0.5235987755982988,1530.0,0.49,32
9.184756994247437,-0.47871888054701617,4410.0,0.0,32
9.184756994247437,-0.47871888054701617,4410.0,0.0,32
9.205885410308838,-0.4637589155299219,3150.0,0.2,32
9.205885410308838,-0.4637589155299219,3150.0,0.2,32
9.224741220474243,-0.4338389854957334,1350.0,0.54,32
9.224741220474243,-0.4338389854957334,1350.0,0.54,32
9.244635581970215,-0.4039190554615449,4680.0,0.05,32
9.265021800994873,-0.4039190554615449,4680.0,0.05,32
9.265021800994873,-0.37399912542735636,2430.0,0.32,32
9.285074234008789,-0.37399912542735636,2430.0,0.32,32
9.285074234008789,-0.3590391604102622,3690.0,0.26,32
9.285074234008789,-0.3590391604102622,3690.0,0.26,32
9.307016134262085,-0.3141592653589793,3690.0,-0.04,32
9.307016134262085,-0.3141592653589793,3690.0,-0.04,32
9.324956178665161,-0.28423933532479084,3600.0,0.06,32
9.324956178665161,-0.28423933532479084,3600.0,0.06,32
9.344974756240845,-0.2543194052906023,2970.0,0.09,32
9.344974756240845,-0.2543194052906023,2970.0,0.09,32
9.36552381515503,-0.23935944027350808,810.0,0.65,32
9.36552381515503,-0.23935944027350808,810.0,0.65,32
9.385928630828857,-0.19447954522222533,5040.0,-0.09,32
9.385928630828857,-0.19447954522222533,5040.0,-0.09,32
9.405920267105103,-0.1795195802051311,810.0,0.63,32
9.405920267105103,-0.1795195802051311,810.0,0.63,32
9.42487096786499,-0.1346396851538483,5220.0,-0.1,32
9.42487096786499,-0.1346396851538483,5220.0,-0.1,32
9.444701910018921,-0.11967972013675404,1980.0,0.4,32
9.444701910018921,-0.11967972013675404,1980.0,0.4,32
9.464958906173706,-0.07479982508547127,3330.0,0.13,32
9.464958906173706,-0.07479982508547127,3330.0,0.13,32
9.484888315200806,-0.04487989505128277,3600.0,0.08,32
9.484888315200806,-0.04487989505128277,3600.0,0.08,32
9.50570821762085,-0.02991993003418851,1620.0,0.45,32
9.50570821762085,-0.02991993003418851,1620.0,0.45,32
9.526063680648804,0.0,5040.0,-0.03,32
9.526063680648804,0.0,5040.0,-0.03,32
9.544955015182495,0.02991993003418851,2970.0,-0.24,32
9.544955015182495,0.02991993003418851,2970.0,-0.24,32
9.564659833908081,0.04487989505128277,2250.0,0.32,32
9.58509874343872,0.04487989505128277,2250.0,0.32,32
9.58509874343872,0.07479982508547127,3330.0,0.17,32
9.58509874343872,0.07479982508547127,3330.0,0.17,32
9.605643272399902,0.10471975511965978,3240.0,0.33,32
9.605643272399902,0.10471975511965978,3240.0,0.33,32
9.62539792060852,0.1346396851538483,3060.0,0.14,32
9.62539792060852,0.1346396851538483,3060.0,0.14,32
9.644634008407593,0.1645596151880368,3330.0,0.08,32
9.644634008407593,0.1645596151880368,3330.0,0.08,32
9.66660761833191,0.19447954522222533,1170.0,0.46,32
9.66660761833191,0.19447954522222533,1170.0,0.46,32
9.685434103012085,0.2243994752564138,4590.0,0.05,32
9.685434103012085,0.2243994752564138,4590.0,0.05,32
9.706245183944702,0.2543194052906023,2160.0,0.33,32
9.706245183944702,0.2543194052906023,2160.0,0.33,32
9.725574970245361,0.28423933532479084,4050.0,0.22,32
9.725574970245361,0.28423933532479084,4050.0,0.22,32
9.744688272476196,0.3141592653589793,3150.0,-0.22,32
9.744688272476196,0.3141592653589793,3150.0,-0.22,32
9.765607595443726,0.3440791953931679,3780.0,0.23,32
9.765607595443726,0.3440791953931679,3780.0,0.23,32
9.78615951538086,0.37399912542735636,1710.0,0.46,32
9.78615951538086,0.37399912542735636,1710.0,0.46,32
9.80472207069397,0.4039190554615449,4050.0,-0.06,32
9.80472207069397,0.4039190554615449,4050.0,-0.06,32
9.824573755264282,0.4338389854957334,3420.0,0.14,32
9.824573755264282,0.4338389854957334,3420.0,0.14,32
9.84498119354248,0.4487989505128276,1170.0,0.45,32
9.84498119354248,0.4487989505128276,1170.0,0.45,32
9.869544982910156,0.4936788455641104,4860.0,0.05,32
9.869544982910156,0.4936788455641104,4860.0,0.05,32
9.884514093399048,0.5086388105812046,2700.0,0.26,32
9.884514093399048,0.5086388105812046,2700.0,0.26,32
9.904775381088257,0.5385587406153932,3870.0,0.19,32
9.904775381088257,0.5385587406153932,3870.0,0.19,32
9.924748659133911,0.5684786706495817,2880.0,-0.1,32
9.924748659133911,0.5684786706495817,2880.0,-0.1,32
9.948456764221191,0.5983986006837702,3060.0,-0.24,32
9.948456764221191,0.5983986006837702,3060.0,-0.24,32
9.966955661773682,0.6133585657008644,2610.0,0.35000000000000003,32
9.966955661773682,0.6133585657008644,2610.0,0.35000000000000003,32
9.984769344329834,0.6582384607521472,2790.0,-0.18,32
9.984769344329834,0.6582384607521472,2790.0,-0.18,32
10.004517793655396,0.6582384607521472,900.0,0.55,32
10.004517793655396,0.6582384607521472,900.0,0.55,32
10.025281429290771,0.70311835580343,4320.0,-0.08,32
10.025281429290771,0.70311835580343,4320.0,-0.08,32
10.044902086257935,0.7330382858376184,1620.0,0.31,32
10.066079139709473,0.7629582158718071,3510.0,-0.11,32
10.066079139709473,0.7629582158718071,3510.0,-0.11,32
10.066079139709473,0.7629582158718071,3510.0,-0.11,32
10.087081670761108,0.7779181808889013,1440.0,0.36,32
10.087081670761108,0.7779181808889013,1440.0,0.36,32
10.105063199996948,0.8078381109230898,3240.0,-0.09,32
10.105063199996948,0.8078381109230898,3240.0,-0.09,32
10.125441551208496,0.8227980759401841,1980.0,0.34,32
10.125441551208496,0.8227980759401841,1980.0,0.34,32
10.145403146743774,0.8527180059743724,1980.0,-0.4,32
10.145403146743774,0.8527180059743724,1980.0,-0.4,32
10.164556503295898,0.8676779709914668,3240.0,0.24,32
10.164556503295898,0.8676779709914668,3240.0,0.24,32
10.184680700302124,0.8975979010256552,990.0,0.51,32
10.184680700302124,0.8975979010256552,990.0,0.51,32
10.20524525642395,0.9275178310598438,4140.0,0.05,32
10.20524525642395,0.9275178310598438,4140.0,0.05,32
10.225638628005981,0.9424777960769382,1260.0,0.27,32
10.225638628005981,0.9424777960769382,1260.0,0.27,32
10.245615482330322,0.9723977261111265,1890.0,0.18,32
10.245615482330322,0.9723977261111265,1890.0,0.18,32
10.264561891555786,0.9873576911282208,1710.0,0.27,32
10.264561891555786,0.9873576911282208,1710.0,0.27,32
10.284552812576294,1.0172776211624093,1800.0,0.26,32
10.284552812576294,1.0172776211624093,1800.0,0.26,32
10.305572986602783,1.0322375861795037,2340.0,-0.07,32
10.305572986602783,1.0322375861795037,2340.0,-0.07,32
10.324660539627075,1.0471975511965976,540.0,0.52,32
10.324660539627075,1.0471975511965976,540.0,0.52,32
10.34656834602356,1.0920774462478806,4500.0,0.13,32
10.34656834602356,1.0920774462478806,4500.0,0.13,32
10.367655992507935,1.0920774462478806,810.0,0.5,32
10.367655992507935,1.0920774462478806,810.0,0.5,32
10.385939121246338,1.121997376282069,3150.0,-0.23,32
10.385939121246338,1.121997376282069,3150.0,-0.23,32
10.406588792800903,1.1369573412991634,540.0,0.47000000000000003,32
10.406588792800903,1.1369573412991634,540.0,0.47000000000000003,32
10.424795866012573,1.1519173063162578,3150.0,-0.18,32
10.424795866012573,1.1519173063162578,3150.0,-0.18,32
10.444927453994751,1.166877271333352,1440.0,-0.27,32
10.444927453994751,1.166877271333352,1440.0,-0.27,32
10.46498441696167,1.181837236350446,2700.0,0.04,32
10.485068082809448,1.2117571663846345,2250.0,0.02,32
10.485068082809448,1.2117571663846345,2250.0,0.02,32
10.504915237426758,1.2117571663846345,2250.0,0.02,32
10.504915237426758,1.2117571663846345,810.0,0.31,32
10.504915237426758,1.2117571663846345,810.0,0.31,32
10.525424480438232,1.2416770964188233,540.0,0.4,32
10.525424480438232,1.2416770964188233,540.0,0.4,32
10.544605255126953,1.2416770964188233,1620.0,0.26,32
10.544605255126953,1.2416770964188233,1620.0,0.26,32
10.56482195854187,1.2715970264530116,2610.0,-0.06,32
10.56482195854187,1.2715970264530116,2610.0,-0.06,32
10.584561824798584,1.2715970264530116,450.0,0.4,32
10.584561824798584,1.2715970264530116,450.0,0.4,32
10.6046302318573,1.3015169564872002,3330.0,-0.08,32
10.6046302318573,1.3015169564872002,3330.0,-0.08,32
10.625370025634766,1.3164769215042944,2250.0,0.0,32
10.625370025634766,1.3164769215042944,2250.0,0.0,32
10.645373582839966,1.3314368865213886,540.0,0.38,32
10.645373582839966,1.3314368865213886,540.0,0.38,32
10.664704322814941,1.3463968515384828,2430.0,-0.15,32
10.684635162353516,1.3463968515384828,2430.0,-0.15,32
10.684635162353516,1.3463968515384828,450.0,0.46,32
10.684635162353516,1.3463968515384828,450.0,0.46,32
10.704676628112793,1.3613568165555772,2970.0,-0.1,32
10.704676628112793,1.3613568165555772,2970.0,-0.1,32
10.724626302719116,1.3763167815726716,1440.0,-0.06,32
10.724626302719116,1.3763167815726716,1440.0,-0.06,32
10.74524974822998,1.3763167815726716,180.0,-0.31,32
10.74524974822998,1.3763167815726716,180.0,-0.31,32
10.76478910446167,1.3912767465897655,270.0,0.52,32
10.76478910446167,1.3912767465897655,270.0,0.52,32
10.784514904022217,1.3912767465897655,1710.0,0.3,32
10.784514904022217,1.3912767465897655,1710.0,0.3,32
10.80474328994751,1.40623671160686,0.0,0.41000000000000003,32
10.80474328994751,1.40623671160686,0.0,0.41000000000000003,32
10.825083255767822,1.40623671160686,360.0,0.48,32
10.825083255767822,1.40623671160686,360.0,0.48,32
10.845306158065796,1.4361566416410487,900.0,-0.28,32
10.845306158065796,1.4361566416410487,900.0,-0.28,32
10.864860773086548,1.4361566416410487,90.0,0.37,32
10.864860773086548,1.4361566416410487,90.0,0.37,32
10.886749267578125,1.451116606658143,2250.0,0.03,32
10.886749267578125,1.451116606658143,2250.0,0.03,32
10.904780864715576,1.451116606658143,90.0,-0.22,32
10.904780864715576,1.451116606658143,90.0,-0.22,32
10.924565315246582,1.451116606658143,90.0,0.33,32
10.924565315246582,1.451116606658143,90.0,0.33,32
10.944519758224487,1.451116606658143,180.0,0.39,32
10.944519758224487,1.451116606658143,180.0,0.39,32
10.966782569885254,1.4660765716752369,1800.0,-0.02,32
10.966782569885254,1.4660765716752369,1800.0,-0.02,32
10.984753608703613,1.4660765716752369,180.0,-0.05,32
10.984753608703613,1.4660765716752369,180.0,-0.05,32
11.004715204238892,1.4660765716752369,0.0,-0.15,32
11.004715204238892,1.4660765716752369,0.0,-0.15,32
11.024752855300903,1.4660765716752369,0.0,-0.2,32
11.024752855300903,1.4660765716752369,0.0,-0.2,32
11.044777631759644,1.4660765716752369,0.0,-0.22,32
11.044777631759644,1.4660765716752369,0.0,-0.22,32
11.064814329147339,1.4660765716752369,0.0,-0.28,32
11.064814329147339,1.4660765716752369,0.0,-0.28,32
11.08706784248352,1.4660765716752369,90.0,-0.28,32
11.08706784248352,1.4660765716752369,90.0,-0.28,32
11.106293201446533,1.4660765716752369,0.0,-0.28,32
11.106293201446533,1.4660765716752369,0.0,-0.28,32
11.124841690063477,1.4660765716752369,0.0,-0.27,32
11.124841690063477,1.4660765716752369,0.0,-0.27,32
11.14494013786316,1.4660765716752369,0.0,-0.22,32
11.14494013786316,1.4660765716752369,0.0,-0.22,32
11.165440797805786,1.4660765716752369,0.0,-0.15,32
11.165440797805786,1.4660765716752369,0.0,-0.15,32
11.185166358947754,1.4660765716752369,0.0,-0.12,32
11.185166358947754,1.4660765716752369,0.0,-0.12,32
11.20517086982727,1.4660765716752369,0.0,-0.04,32
11.20517086982727,1.4660765716752369,0.0,-0.04,32
11.225805759429932,1.4660765716752369,0.0,-0.05,32
11.225805759429932,1.4660765716752369,0.0,-0.05,32
11.246114253997803,1.4660765716752369,-90.0,-0.18,32
11.246114253997803,1.4660765716752369,-90.0,-0.18,32
11.265800476074219,1.4660765716752369,-180.0,-0.27,32
11.265800476074219,1.4660765716752369,-180.0,-0.27,32
11.28462266921997,1.4660765716752369,-270.0,0.4,32
11.28462266921997,1.4660765716752369,-270.0,0.4,32
11.304853200912476,1.451116606658143,-2070.0,0.0,32
11.304853200912476,1.451116606658143,-2070.0,0.0,32
11.326069355010986,1.451116606658143,-360.0,-0.24,32
11.326069355010986,1.451116606658143,-360.0,-0.24,32
11.345094203948975,1.4361566416410487,-270.0,0.41000000000000003,32
11.345094203948975,1.4361566416410487,-270.0,0.41000000000000003,32
11.36579442024231,1.4361566416410487,-1440.0,0.27,32
11.36579442024231,1.4361566416410487,-1440.0,0.27,32
11.385158061981201,1.40623671160686,-1080.0,-0.13,32
11.385158061981201,1.40623671160686,-1080.0,-0.13,32
11.406674146652222,1.40623671160686,-270.0,-0.11,32
11.406674146652222,1.40623671160686,-270.0,-0.11,32
11.425814867019653,1.40623671160686,-180.0,-0.24,32
11.425814867019653,1.40623671160686,-180.0,-0.24,32
11.4452064037323,1.3912767465897655,-990.0,0.24,32
11.4452064037323,1.3912767465897655,-990.0,0.24,32
11.466954946517944,1.3763167815726716,-270.0,-0.25,32
11.466954946517944,1.3763167815726716,-270.0,-0.25,32
11.490023612976074,1.3763167815726716,-180.0,0.48,32
11.490023612976074,1.3763167815726716,-180.0,0.48,32
11.50497317314148,1.3463968515384828,-2970.0,-0.04,32
11.50497317314148,1.3463968515384828,-2970.0,-0.04,32
11.524852991104126,1.3463968515384828,-450.0,-0.14,32
11.524852991104126,1.3463968515384828,-450.0,-0.14,32
11.544935941696167,1.3314368865213886,-360.0,0.39,32
11.544935941696167,1.3314368865213886,-360.0,0.39,32
11.567731857299805,1.3314368865213886,-1440.0,0.38,32
11.567731857299805,1.3314368865213886,-1440.0,0.38,32
11.584976434707642,1.2865569914701058,-2340.0,-0.12,32
11.584976434707642,1.2865569914701058,-2340.0,-0.12,32
11.606059312820435,1.2865569914701058,-450.0,0.42,32
11.606059312820435,1.2865569914701058,-450.0,0.42,32
11.624663829803467,1.2715970264530116,-2880.0,0.13,32
11.624663829803467,1.2715970264530116,-2880.0,0.13,32
11.645072221755981,1.2566370614359172,-990.0,-0.25,32
11.645072221755981,1.2566370614359172,-990.0,-0.25,32
11.665891885757446,1.2416770964188233,-720.0,0.45,32
11.686331987380981,1.2416770964188233,-720.0,0.45,32
11.686331987380981,1.2267171314017289,-1890.0,-0.31,32
11.686331987380981,1.2267171314017289,-1890.0,-0.31,32
11.707684993743896,1.2117571663846345,-2340.0,0.23,32
11.728301048278809,1.2117571663846345,-2340.0,0.23,32
11.728301048278809,1.181837236350446,-2700.0,-0.08,32
11.728301048278809,1.181837236350446,-2700.0,-0.08,32
11.744692087173462,1.181837236350446,-630.0,0.54,32
11.764678001403809,1.181837236350446,-630.0,0.54,32
11.764678001403809,1.1519173063162578,-4320.0,0.07,32
11.785373449325562,1.1369573412991634,-720.0,0.4,32
11.785373449325562,1.1369573412991634,-720.0,0.4,32
11.785373449325562,1.1369573412991634,-720.0,0.4,32
11.80785322189331,1.121997376282069,-3600.0,-0.08,32
11.827513933181763,1.121997376282069,-3600.0,-0.08,32
11.827513933181763,1.0920774462478806,-540.0,0.31,32
11.827513933181763,1.0920774462478806,-540.0,0.31,32
11.844974756240845,1.0771174812307864,-3420.0,-0.1,32
11.844974756240845,1.0771174812307864,-3420.0,-0.1,32
11.866544485092163,1.062157516213692,-2160.0,0.23,32
11.866544485092163,1.062157516213692,-2160.0,0.23,32
11.885283470153809,1.0322375861795037,-2160.0,-0.29,32
11.885283470153809,1.0322375861795037,-2160.0,-0.29,32
11.904696226119995,1.0172776211624093,-1890.0,0.36,32
11.904696226119995,1.0172776211624093,-1890.0,0.36,32
11.92620062828064,0.9873576911282208,-1710.0,-0.41000000000000003,32
11.92620062828064,0.9873576911282208,-1710.0,-0.41000000000000003,32
11.946417808532715,0.9723977261111265,-2700.0,0.27,32
11.946417808532715,0.9723977261111265,-2700.0,0.27,32
11.96596646308899,0.9424777960769382,-1260.0,-0.43,32
11.96596646308899,0.9424777960769382,-1260.0,-0.43,32
11.984996795654297,0.9275178310598438,-3600.0,0.15,32
11.984996795654297,0.9275178310598438,-3600.0,0.15,32
12.006804943084717,0.8975979010256552,-1530.0,0.35000000000000003,32
12.006804943084717,0.8975979010256552,-1530.0,0.35000000000000003,32
12.025472402572632,0.882637936008561,-2700.0,-0.17,32
12.025472402572632,0.882637936008561,-2700.0,-0.17,32
12.045574426651001,0.8527180059743724,-1260.0,0.37,32
12.045574426651001,0.8527180059743724,-1260.0,0.37,32
12.065695524215698,0.8227980759401841,-3060.0,0.0,32
12.065695524215698,0.8227980759401841,-3060.0,0.0,32
12.085163354873657,0.8227980759401841,-1080.0,0.48,32
12.085163354873657,0.8227980759401841,-1080.0,0.48,32
12.106972217559814,0.7779181808889013,-3600.0,-0.18,32
12.106972217559814,0.7779181808889013,-3600.0,-0.18,32
12.125575304031372,0.7629582158718071,-2700.0,0.27,32
12.125575304031372,0.7629582158718071,-2700.0,0.27,32
12.144837141036987,0.7330382858376184,-1350.0,0.47000000000000003,32
12.16593599319458,0.7330382858376184,-1350.0,0.47000000000000003,32
12.16593599319458,0.70311835580343,-4410.0,0.04,32
12.16593599319458,0.70311835580343,-4410.0,0.04,32
12.184637308120728,0.6881583907863358,-990.0,0.6,32
12.184637308120728,0.6881583907863358,-990.0,0.6,32
12.205308437347412,0.6432784957350529,-4140.0,-0.04,32
12.205308437347412,0.6432784957350529,-4140.0,-0.04,32
12.225155353546143,0.6283185307179586,-630.0,0.41000000000000003,32
12.225155353546143,0.6283185307179586,-630.0,0.41000000000000003,32
12.245371580123901,0.5983986006837702,-4410.0,0.0,32
12.245371580123901,0.5983986006837702,-4410.0,0.0,32
12.265222311019897,0.5684786706495817,-2970.0,-0.1,32
12.265222311019897,0.5684786706495817,-2970.0,-0.1,32
12.285928726196289,0.5385587406153932,-3510.0,0.14,32
12.285928726196289,0.5385587406153932,-3510.0,0.14,32
12.306133031845093,0.5086388105812046,-2790.0,0.19,32
12.306133031845093,0.5086388105812046,-2790.0,0.19,32
12.326091527938843,0.47871888054701617,-3150.0,-0.1,32
12.326091527938843,0.47871888054701617,-3150.0,-0.1,32
12.344895362854004,0.4637589155299219,-1980.0,0.44,32
12.344895362854004,0.4637589155299219,-1980.0,0.44,32
12.364913702011108,0.4338389854957334,-2160.0,0.48,32
12.364913702011108,0.4338389854957334,-2160.0,0.48,32
12.386126518249512,0.4039190554615449,-4320.0,0.07,32
12.386126518249512,0.4039190554615449,-4320.0,0.07,32
12.405208826065063,0.37399912542735636,-2790.0,-0.21,32
12.405208826065063,0.37399912542735636,-2790.0,-0.21,32
12.426356315612793,0.3440791953931679,-3690.0,-0.08,32
12.426356315612793,0.3440791953931679,-3690.0,-0.08,32
12.444603443145752,0.3291192303760736,-810.0,0.49,32
12.444603443145752,0.3291192303760736,-810.0,0.49,32
12.466894388198853,0.28423933532479084,-4680.0,0.12,32
12.466894388198853,0.28423933532479084,-4680.0,0.12,32
12.484706163406372,0.2543194052906023,-2970.0,0.22,32
12.484706163406372,0.2543194052906023,-2970.0,0.22,32
12.504658460617065,0.23935944027350808,-2430.0,0.22,32
12.504658460617065,0.23935944027350808,-2430.0,0.22,32
12.524693250656128,0.19447954522222533,-3240.0,-0.23,32
12.524693250656128,0.19447954522222533,-3240.0,-0.23,32
12.545982360839844,0.1795195802051311,-990.0,0.61,32
12.545982360839844,0.1795195802051311,-990.0,0.61,32
12.567182779312134,0.14959965017094254,-5130.0,0.02,32
12.567182779312134,0.14959965017094254,-5130.0,0.02,32
12.58470892906189,0.11967972013675404,-2430.0,0.21,32
12.58470892906189,0.11967972013675404,-2430.0,0.21,32
12.604773044586182,0.08975979010256555,-2340.0,0.18,32
12.604773044586182,0.08975979010256555,-2340.0,0.18,32
12.625969886779785,0.04487989505128277,-3240.0,-0.16,32
12.625969886779785,0.04487989505128277,-3240.0,-0.16,32
12.644953727722168,0.02991993003418851,-3690.0,0.23,32
12.644953727722168,0.02991993003418851,-3690.0,0.23,32
12.666379928588867,0.0,-3510.0,0.1,32
12.666379928588867,0.0,-3510.0,0.1,32
12.684674501419067,-0.014959965017094255,-2970.0,0.27,32
12.684674501419067,-0.014959965017094255,-2970.0,0.27,32
12.705899000167847,-0.04487989505128277,-2430.0,0.28,32
12.705899000167847,-0.04487989505128277,-2430.0,0.28,32
12.72486162185669,-0.07479982508547127,-3060.0,0.15,32
12.745142459869385,-0.07479982508547127,-3060.0,0.15,32
12.745142459869385,-0.10471975511965978,-2610.0,0.31,32
12.745142459869385,-0.10471975511965978,-2610.0,0.31,32
12.76497220993042,-0.1346396851538483,-4140.0,0.0,32
12.76497220993042,-0.1346396851538483,-4140.0,0.0,32
12.785388946533203,-0.1645596151880368,-2430.0,0.16,32
12.80485987663269,-0.1645596151880368,-2430.0,0.16,32
12.80485987663269,-0.19447954522222533,-1890.0,0.43,32
12.80485987663269,-0.19447954522222533,-1890.0,0.43,32
12.824814796447754,-0.2243994752564138,-4590.0,0.1,32
12.846770524978638,-0.2243994752564138,-4590.0,0.1,32
12.846770524978638,-0.2543194052906023,-1710.0,0.43,32
12.846770524978638,-0.2543194052906023,-1710.0,0.43,32
12.864964246749878,-0.28423933532479084,-3870.0,0.28,32
12.864964246749878,-0.28423933532479084,-3870.0,0.28,32
12.886978149414062,-0.3141592653589793,-3240.0,-0.2,32
12.886978149414062,-0.3141592653589793,-3240.0,-0.2,32
12.905165910720825,-0.3291192303760736,-2970.0,0.25,32
12.905165910720825,-0.3291192303760736,-2970.0,0.25,32
12.925381898880005,-0.37399912542735636,-3510.0,0.01,32
12.925381898880005,-0.37399912542735636,-3510.0,0.01,32
12.94469690322876,-0.4039190554615449,-2790.0,0.01,32
12.94469690322876,-0.4039190554615449,-2790.0,0.01,32
12.970546007156372,-0.4338389854957334,-3240.0,0.15,32
12.970546007156372,-0.4338389854957334,-3240.0,0.15,32
12.984683275222778,-0.4487989505128276,-1260.0,0.53,32
12.984683275222778,-0.4487989505128276,-1260.0,0.53,32
13.004725694656372,-0.47871888054701617,-4860.0,0.07,32
13.004725694656372,-0.47871888054701617,-4860.0,0.07,32
13.025803804397583,-0.5086388105812046,-2250.0,-0.38,32
13.025803804397583,-0.5086388105812046,-2250.0,-0.38,32
13.047040939331055,-0.5385587406153932,-3870.0,0.19,32
13.047040939331055,-0.5385587406153932,-3870.0,0.19,32
13.065937995910645,-0.5535187056324875,-810.0,0.66,32
13.065937995910645,-0.5535187056324875,-810.0,0.66,32
13.08459758758545,-0.5983986006837702,-4680.0,0.11,32
13.08459758758545,-0.5983986006837702,-4680.0,0.11,32
13.105550765991211,-0.6283185307179586,-2790.0,0.21,32
13.105550765991211,-0.6283185307179586,-2790.0,0.21,32
13.125012874603271,-0.6432784957350529,-1350.0,0.42,32
13.125012874603271,-0.6432784957350529,-1350.0,0.42,32
13.145198583602905,-0.6731984257692414,-4230.0,0.07,32
13.145198583602905,-0.6731984257692414,-4230.0,0.07,32
13.165912389755249,-0.70311835580343,-2430.0,-0.18,32
13.165912389755249,-0.70311835580343,-2430.0,-0.18,32
13.185127258300781,-0.7180783208205244,-1890.0,0.44,32
13.185127258300781,-0.7180783208205244,-1890.0,0.44,32
13.206660747528076,-0.7479982508547127,-3330.0,-0.23,32
13.206660747528076,-0.7479982508547127,-3330.0,-0.23,32
13.225327014923096,-0.7779181808889013,-1440.0,0.42,32
13.225327014923096,-0.7779181808889013,-1440.0,0.42,32
13.245835781097412,-0.8078381109230898,-2880.0,0.17,32
13.245835781097412,-0.8078381109230898,-2880.0,0.17,32
13.267201900482178,-0.8227980759401841,-3060.0,-0.19,32
13.267201900482178,-0.8227980759401841,-3060.0,-0.19,32
13.286172151565552,-0.8377580409572782,-2430.0,0.27,32
13.286172151565552,-0.8377580409572782,-2430.0,0.27,32
13.304715633392334,-0.882637936008561,-2610.0,-0.26,32
13.304715633392334,-0.882637936008561,-2610.0,-0.26,32
13.324599266052246,-0.8975979010256552,-1890.0,0.37,32
13.324599266052246,-0.8975979010256552,-1890.0,0.37,32
13.344854354858398,-0.9275178310598438,-3690.0,0.13,32
13.344854354858398,-0.9275178310598438,-3690.0,0.13,32
13.366819143295288,-0.9424777960769382,-900.0,0.4,32
13.366819143295288,-0.9424777960769382,-900.0,0.4,32
13.384673833847046,-0.9723977261111265,-3510.0,0.09,32
13.384673833847046,-0.9723977261111265,-3510.0,0.09,32
13.404805660247803,-0.9873576911282208,-630.0,0.49,32
13.404805660247803,-0.9873576911282208,-630.0,0.49,32
13.424636602401733,-1.0172776211624093,-3690.0,-0.02,32
13.424636602401733,-1.0172776211624093,-3690.0,-0.02,32
13.444916009902954,-1.0322375861795037,-810.0,0.51,32
13.444916009902954,-1.0322375861795037,-810.0,0.51,32
13.466991186141968,-1.062157516213692,-2790.0,-0.19,32
13.466991186141968,-1.062157516213692,-2790.0,-0.19,32
13.485289096832275,-1.062157516213692,-630.0,0.5,32
13.485289096832275,-1.062157516213692,-630.0,0.5,32
13.504733562469482,-1.0920774462478806,-2160.0,0.31,32
13.504733562469482,-1.0920774462478806,-2160.0,0.31,32
13.524636268615723,-1.107037411264975,-810.0,0.47000000000000003,32
13.524636268615723,-1.107037411264975,-810.0,0.47000000000000003,32
13.545528650283813,-1.1369573412991634,-3870.0,-0.07,32
13.545528650283813,-1.1369573412991634,-3870.0,-0.07,32
13.570624828338623,-1.1519173063162578,-540.0,0.32,32
13.570624828338623,-1.1519173063162578,-540.0,0.32,32
13.584673643112183,-1.166877271333352,-1710.0,0.3,32
13.584673643112183,-1.166877271333352,-1710.0,0.3,32
13.604711055755615,-1.1967972013675403,-2070.0,-0.19,32
13.604711055755615,-1.1967972013675403,-2070.0,-0.19,32
13.625988245010376,-1.1967972013675403,-540.0,0.51,32
13.625988245010376,-1.1967972013675403,-540.0,0.51,32
13.645235061645508,-1.2267171314017289,-3510.0,-0.04,32
13.645235061645508,-1.2267171314017289,-3510.0,-0.04,32
13.66717791557312,-1.2416770964188233,-630.0,0.34,32
13.66717791557312,-1.2416770964188233,-630.0,0.34,32
13.685925245285034,-1.2416770964188233,-1170.0,0.48,32
13.685925245285034,-1.2416770964188233,-1170.0,0.48,32
13.704646587371826,-1.2865569914701058,-2880.0,-0.07,32
13.704646587371826,-1.2865569914701058,-2880.0,-0.07,32
13.72458004951477,-1.2865569914701058,-540.0,0.41000000000000003,32
13.72458004951477,-1.2865569914701058,-540.0,0.41000000000000003,32
13.74565601348877,-1.3015169564872002,-2880.0,-0.25,32
13.74565601348877,-1.3015169564872002,-2880.0,-0.25,32
13.76682996749878,-1.3015169564872002,-540.0,0.56,32
13.76682996749878,-1.3015169564872002,-540.0,0.56,32
13.785550117492676,-1.3314368865213886,-2340.0,-0.17,32
13.785550117492676,-1.3314368865213886,-2340.0,-0.17,32
13.80477523803711,-1.3463968515384828,-360.0,-0.29,32
13.80477523803711,-1.3463968515384828,-360.0,-0.29,32
13.826086282730103,-1.3463968515384828,-270.0,0.54,32
13.826086282730103,-1.3463968515384828,-270.0,0.54,32
13.84531283378601,-1.3463968515384828,-1080.0,0.55,32
13.84531283378601,-1.3463968515384828,-1080.0,0.55,32
13.866389274597168,-1.3912767465897655,-2970.0,0.08,32
13.866389274597168,-1.3912767465897655,-2970.0,0.08,32
13.884894609451294,-1.3912767465897655,-270.0,-0.26,32
13.884894609451294,-1.3912767465897655,-270.0,-0.26,32
13.904721975326538,-1.3912767465897655,-360.0,0.41000000000000003,32
13.904721975326538,-1.3912767465897655,-360.0,0.41000000000000003,32
13.925124645233154,-1.40623671160686,-2520.0,0.02,32
13.925124645233154,-1.40623671160686,-2520.0,0.02,32
13.94529414176941,-1.40623671160686,-450.0,-0.24,32
13.94529414176941,-1.40623671160686,-450.0,-0.24,32
13.964790105819702,-1.421196676623954,-1530.0,-0.02,32
13.964790105819702,-1.421196676623954,-1530.0,-0.02,32
13.985370635986328,-1.421196676623954,-180.0,-0.2,32
13.985370635986328,-1.421196676623954,-180.0,-0.2,32
14.007131576538086,-1.4361566416410487,-270.0,0.34,32
14.007131576538086,-1.4361566416410487,-270.0,0.34,32
14.026731491088867,-1.4361566416410487,-1800.0,0.0,32
14.026731491088867,-1.4361566416410487,-1800.0,0.0,32
14.045029640197754,-1.451116606658143,-450.0,-0.09,32
14.045029640197754,-1.451116606658143,-450.0,-0.09,32
14.065121412277222,-1.451116606658143,-90.0,-0.3,32
14.065121412277222,-1.451116606658143,-90.0,-0.3,32
14.084776878356934,-1.451116606658143,-180.0,0.39,32
14.084776878356934,-1.451116606658143,-180.0,0.39,32
14.104732751846313,-1.451116606658143,-270.0,0.48,32
14.104732751846313,-1.451116606658143,-270.0,0.48,32
14.125465869903564,-1.4660765716752369,-2070.0,0.0,32
14.125465869903564,-1.4660765716752369,-2070.0,0.0,32
14.145960569381714,-1.4660765716752369,-180.0,-0.2,32
14.145960569381714,-1.4660765716752369,-180.0,-0.2,32
14.165707349777222,-1.4660765716752369,0.0,-0.25,32
14.165707349777222,-1.4660765716752369,0.0,-0.25,32
14.18497347831726,-1.4660765716752369,-90.0,-0.3,32
14.18497347831726,-1.4660765716752369,-90.0,-0.3,32
14.205954313278198,-1.4660765716752369,0.0,-0.34,32
14.205954313278198,-1.4660765716752369,0.0,-0.34,32
14.225228548049927,-1.4660765716752369,0.0,0.36,32
14.244696617126465,-1.4660765716752369,0.0,0.36,32
14.244696617126465,-1.4660765716752369,0.0,0.34,32
14.244696617126465,-1.4660765716752369,0.0,0.34,32
14.264593124389648,-1.4660765716752369,0.0,0.34,32
14.264593124389648,-1.4660765716752369,0.0,0.34,32
14.28475022315979,-1.4660765716752369,0.0,-0.33,32
14.28475022315979,-1.4660765716752369,0.0,-0.33,32
14.305091619491577,-1.4660765716752369,0.0,-0.28,32
14.305091619491577,-1.4660765716752369,0.0,-0.28,32
14.325882911682129,-1.4660765716752369,0.0,-0.23,32
14.325882911682129,-1.4660765716752369,0.0,-0.23,32
14.348099946975708,-1.4660765716752369,0.0,-0.15,32
14.348099946975708,-1.4660765716752369,0.0,-0.15,32
14.364691972732544,-1.4660765716752369,0.0,-0.03,32
14.364691972732544,-1.4660765716752369,0.0,-0.03,32
14.38486099243164,-1.4660765716752369,90.0,-0.1,32
14.38486099243164,-1.4660765716752369,90.0,-0.1,32
14.404611110687256,-1.4660765716752369,180.0,-0.22,32
14.404611110687256,-1.4660765716752369,180.0,-0.22,32
14.426860094070435,-1.4660765716752369,180.0,-0.35000000000000003,32
14.426860094070435,-1.4660765716752369,180.0,-0.35000000000000003,32
14.444642782211304,-1.451116606658143,2340.0,0.08,32
14.444642782211304,-1.451116606658143,2340.0,0.08,32
14.464706182479858,-1.451116606658143,360.0,-0.28,32
14.464706182479858,-1.451116606658143,360.0,-0.28,32
14.48454213142395,-1.4361566416410487,270.0,0.48,32
14.48454213142395,-1.4361566416410487,270.0,0.48,32
14.50488805770874,-1.4361566416410487,540.0,0.56,32
14.50488805770874,-1.4361566416410487,540.0,0.56,32
14.524919986724854,-1.421196676623954,1260.0,-0.38,32
14.550443410873413,-1.421196676623954,630.0,0.47000000000000003,32
14.550443410873413,-1.421196676623954,630.0,0.47000000000000003,32
14.564616441726685,-1.421196676623954,630.0,0.47000000000000003,32
14.564616441726685,-1.40623671160686,540.0,-0.35000000000000003,32
14.564616441726685,-1.40623671160686,540.0,-0.35000000000000003,32
14.58543872833252,-1.3912767465897655,360.0,0.5,32
14.58543872833252,-1.3912767465897655,360.0,0.5,32
14.605810642242432,-1.3763167815726716,1350.0,-0.3,32
14.605810642242432,-1.3763167815726716,1350.0,-0.3,32
14.626150369644165,-1.3763167815726716,720.0,0.45,32
14.626150369644165,-1.3763167815726716,720.0,0.45,32
14.64655089378357,-1.3463968515384828,2250.0,0.01,32
14.64655089378357,-1.3463968515384828,2250.0,0.01,32
14.66905689239502,-1.3314368865213886,450.0,-0.05,32
14.66905689239502,-1.3314368865213886,450.0,-0.05,32
14.685950517654419,-1.3314368865213886,270.0,0.37,32
14.705288648605347,-1.3314368865213886,270.0,0.37,32
14.705288648605347,-1.3164769215042944,2070.0,0.15,32
14.705288648605347,-1.3164769215042944,2070.0,0.15,32
14.724647998809814,-1.3015169564872002,2070.0,-0.07,32
14.724647998809814,-1.3015169564872002,2070.0,-0.07,32
14.745600461959839,-1.2865569914701058,360.0,0.36,32
14.745600461959839,-1.2865569914701058,360.0,0.36,32
14.766576290130615,-1.2865569914701058,1710.0,0.33,32
14.766576290130615,-1.2865569914701058,1710.0,0.33,32
14.766576290130615,-1.2865569914701058,1710.0,0.33,32
14.795703649520874,-1.2566370614359172,2700.0,0.0,32
14.805010795593262,-1.2566370614359172,540.0,0.43,32
14.805010795593262,-1.2566370614359172,540.0,0.43,32
14.827696084976196,-1.2267171314017289,2970.0,-0.18,32
14.827696084976196,-1.2267171314017289,2970.0,-0.18,32
14.847468852996826,-1.2117571663846345,1350.0,-0.29,32
14.847468852996826,-1.2117571663846345,1350.0,-0.29,32
14.866720199584961,-1.1967972013675403,1620.0,0.36,32
14.866720199584961,-1.1967972013675403,1620.0,0.36,32
14.884621858596802,-1.181837236350446,630.0,0.51,32
14.884621858596802,-1.181837236350446,630.0,0.51,32
14.905500888824463,-1.1519173063162578,3240.0,-0.04,32
14.905500888824463,-1.1519173063162578,3240.0,-0.04,32
14.925157070159912,-1.1369573412991634,720.0,0.42,32
14.925157070159912,-1.1369573412991634,720.0,0.42,32
14.944929599761963,-1.121997376282069,2610.0,0.28,32
14.944929599761963,-1.121997376282069,2610.0,0.28,32
14.965567350387573,-1.0920774462478806,1890.0,-0.23,32
14.965567350387573,-1.0920774462478806,1890.0,-0.23,32
14.986039638519287,-1.0771174812307864,3420.0,-0.03,32
14.986039638519287,-1.0771174812307864,3420.0,-0.03,32
15.005768299102783,-1.062157516213692,1980.0,-0.19,32
15.005768299102783,-1.062157516213692,1980.0,-0.19,32
15.024619817733765,-1.0471975511965976,2250.0,0.19,32
15.024619817733765,-1.0471975511965976,2250.0,0.19,32
15.044933557510376,-1.0172776211624093,2250.0,-0.21,32
15.06458330154419,-1.0172776211624093,2250.0,-0.21,32
15.06458330154419,-1.002317656145315,2430.0,0.18,32
15.06458330154419,-1.002317656145315,2430.0,0.18,32
15.08635926246643,-0.9723977261111265,2430.0,-0.29,32
15.105279445648193,-0.9723977261111265,2430.0,-0.29,32
15.105279445648193,-0.9574377610940323,2340.0,0.31,32
15.105279445648193,-0.9574377610940323,2340.0,0.31,32
15.126342058181763,-0.9275178310598438,1530.0,0.44,32
15.146393537521362,-0.9275178310598438,1530.0,0.44,32
15.146393537521362,-0.9125578660427495,2790.0,0.32,32
15.146393537521362,-0.9125578660427495,2790.0,0.32,32
15.165619850158691,-0.882637936008561,1080.0,0.51,32
15.18509554862976,-0.882637936008561,1080.0,0.51,32
15.18509554862976,-0.8527180059743724,3870.0,0.17,32
15.18509554862976,-0.8527180059743724,3870.0,0.17,32
15.205206632614136,-0.8377580409572782,1530.0,0.27,32
15.205206632614136,-0.8377580409572782,1530.0,0.27,32
15.228911399841309,-0.8078381109230898,1800.0,0.26,32
15.228911399841309,-0.8078381109230898,1800.0,0.26,32
15.244733572006226,-0.7779181808889013,3060.0,-0.03,32
15.265089750289917,-0.7779181808889013,3060.0,-0.03,32
15.265089750289917,-0.7629582158718071,1710.0,0.3,32
15.265089750289917,-0.7629582158718071,1710.0,0.3,32
15.290371894836426,-0.7330382858376184,2610.0,-0.32,32
15.290371894836426,-0.7330382858376184,2610.0,-0.32,32
15.304860353469849,-0.70311835580343,4050.0,0.16,32
15.304860353469849,-0.70311835580343,4050.0,0.16,32
15.32542085647583,-0.6881583907863358,900.0,0.56,32
15.32542085647583,-0.6881583907863358,900.0,0.56,32
15.345783948898315,-0.6582384607521472,3780.0,-0.14,32
15.345783948898315,-0.6582384607521472,3780.0,-0.14,32
15.364707946777344,-0.6283185307179586,2970.0,0.28,32
15.364707946777344,-0.6283185307179586,2970.0,0.28,32
15.38722014427185,-0.6133585657008644,3600.0,0.24,32
15.38722014427185,-0.6133585657008644,3600.0,0.24,32
15.404600143432617,-0.5684786706495817,3330.0,0.02,32
15.404600143432617,-0.5684786706495817,3330.0,0.02,32
15.427918434143066,-0.5535187056324875,2970.0,0.06,32
15.427918434143066,-0.5535187056324875,2970.0,0.06,32
15.445163488388062,-0.5235987755982988,2880.0,0.26,32
15.445163488388062,-0.5235987755982988,2880.0,0.26,32
15.464717864990234,-0.4936788455641104,3240.0,0.19,32
15.464717864990234,-0.4936788455641104,3240.0,0.19,32
15.484774589538574,-0.4637589155299219,2610.0,0.22,32
15.484774589538574,-0.4637589155299219,2610.0,0.22,32
15.504920244216919,-0.4338389854957334,2340.0,-0.4,32
15.504920244216919,-0.4338389854957334,2340.0,-0.4,32
15.525572538375854,-0.4039190554615449,4140.0,0.3,32
15.548269271850586,-0.4039190554615449,4140.0,0.3,32
15.548269271850586,-0.37399912542735636,3150.0,-0.15,32
15.548269271850586,-0.37399912542735636,3150.0,-0.15,32
15.566351890563965,-0.3590391604102622,2070.0,0.48,32
15.566351890563965,-0.3590391604102622,2070.0,0.48,32
15.584559917449951,-0.3141592653589793,4320.0,0.11,32
15.584559917449951,-0.3141592653589793,4320.0,0.11,32
15.604533433914185,-0.2991993003418851,2430.0,0.14,32
15.604533433914185,-0.2991993003418851,2430.0,0.14,32
15.62455415725708,-0.2543194052906023,3060.0,-0.13,32
15.62455415725708,-0.2543194052906023,3060.0,-0.13,32
15.64453387260437,-0.23935944027350808,720.0,0.6,32
15.64453387260437,-0.23935944027350808,720.0,0.6,32
15.664527416229248,-0.19447954522222533,5220.0,0.06,32
15.664527416229248,-0.19447954522222533,5220.0,0.06,32
15.686491250991821,-0.1795195802051311,1080.0,0.5700000000000001,32
15.686491250991821,-0.1795195802051311,1080.0,0.5700000000000001,32
15.711596965789795,-0.14959965017094254,4950.0,0.01,32
15.711596965789795,-0.14959965017094254,4950.0,0.01,32
15.725004196166992,-0.11967972013675404,2700.0,-0.27,32
15.744834184646606,-0.11967972013675404,2700.0,-0.27,32
15.744834184646606,-0.08975979010256555,2970.0,0.26,32
15.744834184646606,-0.08975979010256555,2970.0,0.26,32
15.767061710357666,-0.05983986006837702,3420.0,0.05,32
15.784804821014404,-0.05983986006837702,3420.0,0.05,32
15.784804821014404,-0.02991993003418851,2700.0,0.25,32
15.806876182556152,0.0,4230.0,0.13,32
15.806876182556152,0.0,4230.0,0.13,32
15.806876182556152,0.0,4230.0,0.13,32
15.824603796005249,0.014959965017094255,3150.0,0.1,32
15.84458875656128,0.014959965017094255,3150.0,0.1,32
15.84458875656128,0.04487989505128277,2340.0,0.34,32
15.84458875656128,0.04487989505128277,2340.0,0.34,32
15.864537239074707,0.07479982508547127,3600.0,0.17,32
15.864537239074707,0.07479982508547127,3600.0,0.17,32
15.884449481964111,0.10471975511965978,3690.0,0.08,32
15.904433250427246,0.10471975511965978,3690.0,0.08,32
15.904433250427246,0.1346396851538483,2970.0,0.28,32
15.904433250427246,0.1346396851538483,2970.0,0.28,32
15.927717685699463,0.1645596151880368,2430.0,0.2,32
15.944828033447266,0.1645596151880368,2430.0,0.2,32
15.944828033447266,0.19447954522222533,2430.0,-0.29,32
15.944828033447266,0.19447954522222533,2430.0,-0.29,32
15.964381456375122,0.2243994752564138,4050.0,0.23,32
15.964381456375122,0.2243994752564138,4050.0,0.23,32
15.98460841178894,0.2543194052906023,3420.0,-0.14,32
15.98460841178894,0.2543194052906023,3420.0,-0.14,32
16.00434422492981,0.2692793703076966,2520.0,0.31,32
16.00434422492981,0.2692793703076966,2520.0,0.31,32
16.02461552619934,0.3141592653589793,4230.0,0.0,32
16.02461552619934,0.3141592653589793,4230.0,0.0,32
16.045259714126587,0.3440791953931679,2970.0,0.22,32
16.045259714126587,0.3440791953931679,2970.0,0.22,32
16.06482458114624,0.37399912542735636,2520.0,0.37,32
16.06482458114624,0.37399912542735636,2520.0,0.37,32
16.085098266601562,0.38895909044445065,3330.0,0.15,32
16.104458570480347,0.4188790204786391,3060.0,0.12,32
16.104458570480347,0.4188790204786391,3060.0,0.12,32
16.104458570480347,0.4188790204786391,3060.0,0.12,32
16.124372005462646,0.4487989505128276,1620.0,0.37,32
16.124372005462646,0.4487989505128276,1620.0,0.37,32
16.144320726394653,0.47871888054701617,4500.0,0.0,32
16.144320726394653,0.47871888054701617,4500.0,0.0,32
16.164595365524292,0.5086388105812046,2970.0,-0.13,32
16.164595365524292,0.5086388105812046,2970.0,-0.13,32
16.184261560440063,0.5235987755982988,3060.0,0.21,32
16.20521354675293,0.5235987755982988,3060.0,0.21,32
16.20521354675293,0.5684786706495817,3420.0,-0.04,32
16.20521354675293,0.5684786706495817,3420.0,-0.04,32
16.22576141357422,0.583438635666676,2520.0,0.19,32
16.22576141357422,0.583438635666676,2520.0,0.19,32
16.244519472122192,0.6283185307179586,3330.0,-0.21,32
16.244519472122192,0.6283185307179586,3330.0,-0.21,32
16.264923095703125,0.6432784957350529,990.0,0.55,32
16.264923095703125,0.6432784957350529,990.0,0.55,32
16.285045385360718,0.6731984257692414,4230.0,0.2,32
16.285045385360718,0.6731984257692414,4230.0,0.2,32
16.30587148666382,0.70311835580343,2970.0,-0.15,32
16.30587148666382,0.70311835580343,2970.0,-0.15,32
16.325533866882324,0.7180783208205244,2160.0,0.29,32
16.325533866882324,0.7180783208205244,2160.0,0.29,32
16.34483528137207,0.7479982508547127,2340.0,-0.28,32
16.34483528137207,0.7479982508547127,2340.0,-0.28,32
16.364789724349976,0.7779181808889013,3420.0,-0.06,32
16.364789724349976,0.7779181808889013,3420.0,-0.06,32
16.38439130783081,0.7928781459059957,630.0,0.56,32
16.38439130783081,0.7928781459059957,630.0,0.56,32
16.406633377075195,0.8377580409572782,4590.0,-0.01,32
16.406633377075195,0.8377580409572782,4590.0,-0.01,32
16.424625873565674,0.8527180059743724,2430.0,-0.28,32
16.444915294647217,0.8527180059743724,2430.0,-0.28,32
16.444915294647217,0.8676779709914668,1890.0,0.42,32
16.444915294647217,0.8676779709914668,1890.0,0.42,32
16.466824531555176,0.8975979010256552,1980.0,-0.38,32
16.466824531555176,0.8975979010256552,1980.0,-0.38,32
16.48446297645569,0.9125578660427495,3510.0,0.15,32
16.48446297645569,0.9125578660427495,3510.0,0.15,32
16.504374265670776,0.9424777960769382,1080.0,0.34,32
16.504374265670776,0.9424777960769382,1080.0,0.34,32
16.525479316711426,0.9723977261111265,2880.0,-0.11,32
16.544471979141235,0.9723977261111265,2880.0,-0.11,32
16.544471979141235,0.9873576911282208,540.0,0.47000000000000003,32
16.544471979141235,0.9873576911282208,540.0,0.47000000000000003,32
16.56459903717041,1.0172776211624093,3960.0,0.0,32
16.56459903717041,1.0172776211624093,3960.0,0.0,32
16.58433222770691,1.0172776211624093,720.0,0.43,32
16.604393243789673,1.0172776211624093,720.0,0.43,32
16.604393243789673,1.062157516213692,3510.0,0.0,32
16.604393243789673,1.062157516213692,3510.0,0.0,32
16.624420881271362,1.062157516213692,990.0,0.36,32
16.624420881271362,1.062157516213692,990.0,0.36,32
16.64653468132019,1.0920774462478806,900.0,0.44,32
16.64653468132019,1.0920774462478806,900.0,0.44,32
16.664857864379883,1.107037411264975,3150.0,-0.25,32
16.664857864379883,1.107037411264975,3150.0,-0.25,32
16.684967041015625,1.121997376282069,810.0,0.49,32
16.684967041015625,1.121997376282069,810.0,0.49,32
16.705257654190063,1.1519173063162578,3600.0,-0.1,32
16.705257654190063,1.1519173063162578,3600.0,-0.1,32
16.724815607070923,1.166877271333352,2070.0,-0.21,32
16.724815607070923,1.166877271333352,2070.0,-0.21,32
16.744903802871704,1.181837236350446,1530.0,0.28,32
16.744903802871704,1.181837236350446,1530.0,0.28,32
16.764267683029175,1.2117571663846345,2700.0,0.11,32
16.764267683029175,1.2117571663846345,2700.0,0.11,32
16.784674406051636,1.2117571663846345,630.0,0.32,32
16.784674406051636,1.2117571663846345,630.0,0.32,32
16.805127382278442,1.2416770964188233,1170.0,-0.32,32
16.805127382278442,1.2416770964188233,1170.0,-0.32,32
16.824995040893555,1.2416770964188233,1170.0,0.43,32
16.824995040893555,1.2416770964188233,1170.0,0.43,32
16.844364643096924,1.2715970264530116,2970.0,0.05,32
16.844364643096924,1.2715970264530116,2970.0,0.05,32
16.864596128463745,1.2715970264530116,450.0,0.37,32
16.864596128463745,1.2715970264530116,450.0,0.37,32
16.88441300392151,1.3015169564872002,2970.0,0.06,32
16.88441300392151,1.3015169564872002,2970.0,0.06,32
16.905301809310913,1.3164769215042944,1800.0,-0.08,32
16.92439556121826,1.3164769215042944,1800.0,-0.08,32
16.92439556121826,1.3164769215042944,360.0,0.35000000000000003,32
16.92439556121826,1.3164769215042944,360.0,0.35000000000000003,32
16.945257663726807,1.3463968515384828,3240.0,0.04,32
16.945257663726807,1.3463968515384828,3240.0,0.04,32
16.964423894882202,1.3463968515384828,630.0,0.42,32
16.964423894882202,1.3463968515384828,630.0,0.42,32
16.987096071243286,1.3613568165555772,2160.0,0.14,32
16.987096071243286,1.3613568165555772,2160.0,0.14,32
17.00434637069702,1.3763167815726716,1980.0,0.07,32
17.00434637069702,1.3763167815726716,1980.0,0.07,32
17.024545431137085,1.3763167815726716,270.0,-0.29,32
17.024545431137085,1.3763167815726716,270.0,-0.29,32
17.0452778339386,1.3912767465897655,270.0,0.44,32
17.0452778339386,1.3912767465897655,270.0,0.44,32
17.0649311542511,1.3912767465897655,900.0,0.41000000000000003,32
17.0649311542511,1.3912767465897655,900.0,0.41000000000000003,32
17.08437752723694,1.40623671160686,90.0,0.43,32
17.08437752723694,1.40623671160686,90.0,0.43,32
17.104876041412354,1.40623671160686,450.0,0.47000000000000003,32
17.125443696975708,1.4361566416410487,1620.0,-0.2,32
17.125443696975708,1.4361566416410487,1620.0,-0.2,32
17.125443696975708,1.4361566416410487,1620.0,-0.2,32
17.14443039894104,1.4361566416410487,270.0,0.34,32
17.165294408798218,1.4361566416410487,270.0,0.34,32
17.165294408798218,1.451116606658143,2430.0,0.11,32
17.165294408798218,1.451116606658143,2430.0,0.11,32
17.186724185943604,1.451116606658143,360.0,-0.16,32
17.186724185943604,1.451116606658143,360.0,-0.16,32
17.20503282546997,1.451116606658143,90.0,-0.29,32
17.20503282546997,1.451116606658143,90.0,-0.29,32
17.2267062664032,1.451116606658143,180.0,0.39,32
17.2267062664032,1.451116606658143,180.0,0.39,32
17.24432921409607,1.4660765716752369,1080.0,0.22,32
17.24432921409607,1.4660765716752369,1080.0,0.22,32
17.264500856399536,1.4660765716752369,180.0,-0.11,32
17.264500856399536,1.4660765716752369,180.0,-0.11,32
17.284356355667114,1.4660765716752369,0.0,-0.14,32
17.284356355667114,1.4660765716752369,0.0,-0.14,32
17.304585695266724,1.4660765716752369,0.0,-0.17,32
17.304585695266724,1.4660765716752369,0.0,-0.17,32
17.326796293258667,1.4660765716752369,90.0,-0.24,32
17.326796293258667,1.4660765716752369,90.0,-0.24,32
17.344677448272705,1.4660765716752369,0.0,-0.26,32
17.344677448272705,1.4660765716752369,0.0,-0.26,32
17.365367889404297,1.4660765716752369,90.0,-0.28,32
17.365367889404297,1.4660765716752369,90.0,-0.28,32
17.385437726974487,1.4660765716752369,0.0,-0.24,32
17.385437726974487,1.4660765716752369,0.0,-0.24,32
17.404759407043457,1.4660765716752369,0.0,-0.25,32
17.404759407043457,1.4660765716752369,0.0,-0.25,32
17.424489498138428,1.4660765716752369,0.0,-0.22,32
17.424489498138428,1.4660765716752369,0.0,-0.22,32
17.44672155380249,1.4660765716752369,0.0,-0.19,32
17.44672155380249,1.4660765716752369,0.0,-0.19,32
17.464781284332275,1.4660765716752369,0.0,-0.15,32
17.464781284332275,1.4660765716752369,0.0,-0.15,32
17.484540462493896,1.4660765716752369,-90.0,-0.08,32
17.484540462493896,1.4660765716752369,-90.0,-0.08,32
17.504987001419067,1.4660765716752369,-180.0,0.02,32
17.504987001419067,1.4660765716752369,-180.0,0.02,32
17.52460741996765,1.4660765716752369,-180.0,-0.15,32
17.52460741996765,1.4660765716752369,-180.0,-0.15,32
17.54563617706299,1.4660765716752369,-180.0,-0.29,32
17.54563617706299,1.4660765716752369,-180.0,-0.29,32
17.565344095230103,1.4660765716752369,-270.0,-0.41000000000000003,32
17.565344095230103,1.4660765716752369,-270.0,-0.41000000000000003,32
17.584654331207275,1.451116606658143,-1350.0,-0.19,32
17.584654331207275,1.451116606658143,-1350.0,-0.19,32
17.605924606323242,1.451116606658143,-180.0,-0.24,32
17.605924606323242,1.451116606658143,-180.0,-0.24,32
17.625802755355835,1.4361566416410487,-180.0,0.42,32
17.64738941192627,1.4361566416410487,-180.0,0.42,32
17.64738941192627,1.4361566416410487,-900.0,0.41000000000000003,32
17.64738941192627,1.4361566416410487,-900.0,0.41000000000000003,32
17.66674041748047,1.421196676623954,-1170.0,-0.13,32
17.66674041748047,1.421196676623954,-1170.0,-0.13,32
17.688165426254272,1.40623671160686,-720.0,-0.07,32
17.688165426254272,1.40623671160686,-720.0,-0.07,32
17.705607175827026,1.40623671160686,-90.0,-0.27,32
17.705607175827026,1.40623671160686,-90.0,-0.27,32
17.72449779510498,1.3912767465897655,-630.0,0.35000000000000003,32
17.74566149711609,1.3912767465897655,-630.0,0.35000000000000003,32
17.74566149711609,1.3763167815726716,-360.0,-0.32,32
17.74566149711609,1.3763167815726716,-360.0,-0.32,32
17.765040636062622,1.3763167815726716,-180.0,0.47000000000000003,32
17.765040636062622,1.3763167815726716,-180.0,0.47000000000000003,32
17.786846160888672,1.3463968515384828,-3240.0,-0.05,32
17.786846160888672,1.3463968515384828,-3240.0,-0.05,32
17.805131196975708,1.3463968515384828,-630.0,-0.14,32
17.805131196975708,1.3463968515384828,-630.0,-0.14,32
17.82674789428711,1.3314368865213886,-180.0,0.38,32
17.82674789428711,1.3314368865213886,-180.0,0.38,32
17.844606399536133,1.3314368865213886,-900.0,0.49,32
17.844606399536133,1.3314368865213886,-900.0,0.49,32
17.86466121673584,1.3015169564872002,-3330.0,0.09,32
17.86466121673584,1.3015169564872002,-3330.0,0.09,32
17.884799480438232,1.2865569914701058,-360.0,0.37,32
17.884799480438232,1.2865569914701058,-360.0,0.37,32
17.90440344810486,1.2865569914701058,-1890.0,0.28,32
17.90440344810486,1.2865569914701058,-1890.0,0.28,32
17.92453408241272,1.2566370614359172,-2070.0,-0.1,32
17.92453408241272,1.2566370614359172,-2070.0,-0.1,32
17.945127725601196,1.2416770964188233,-630.0,0.39,32
17.945127725601196,1.2416770964188233,-630.0,0.39,32
17.96796941757202,1.2267171314017289,-3060.0,-0.17,32
17.96796941757202,1.2267171314017289,-3060.0,-0.17,32
17.98533844947815,1.2117571663846345,-1260.0,0.36,32
17.98533844947815,1.2117571663846345,-1260.0,0.36,32
18.00745439529419,1.1967972013675403,-2340.0,-0.13,32
18.00745439529419,1.1967972013675403,-2340.0,-0.13,32
18.024490118026733,1.181837236350446,-450.0,0.5,32
18.024490118026733,1.181837236350446,-450.0,0.5,32
18.044572114944458,1.1519173063162578,-3780.0,0.1,32
18.044572114944458,1.1519173063162578,-3780.0,0.1,32
18.065921306610107,1.1369573412991634,-450.0,0.35000000000000003,32
18.065921306610107,1.1369573412991634,-450.0,0.35000000000000003,32
18.085137605667114,1.121997376282069,-3420.0,0.02,32
18.085137605667114,1.121997376282069,-3420.0,0.02,32
18.10944128036499,1.107037411264975,-990.0,-0.22,32
18.10944128036499,1.107037411264975,-990.0,-0.22,32
18.126649379730225,1.0771174812307864,-3060.0,0.01,32
18.126649379730225,1.0771174812307864,-3060.0,0.01,32
18.146488189697266,1.062157516213692,-1080.0,0.42,32
18.146488189697266,1.062157516213692,-1080.0,0.42,32
18.166043758392334,1.0322375861795037,-3420.0,-0.12,32
18.166043758392334,1.0322375861795037,-3420.0,-0.12,32
18.18709421157837,1.0322375861795037,-1170.0,0.52,32
18.18709421157837,1.0322375861795037,-1170.0,0.52,32
18.206694841384888,0.9873576911282208,-2880.0,-0.28,32
18.206694841384888,0.9873576911282208,-2880.0,-0.28,32
18.225346326828003,0.9873576911282208,-1620.0,0.45,32
18.225346326828003,0.9873576911282208,-1620.0,0.45,32
18.24458885192871,0.9424777960769382,-2430.0,-0.3,32
18.24458885192871,0.9424777960769382,-2430.0,-0.3,32
18.265527963638306,0.9424777960769382,-2340.0,0.26,32
18.265527963638306,0.9424777960769382,-2340.0,0.26,32
18.28461194038391,0.8975979010256552,-2250.0,-0.27,32
18.305334329605103,0.8975979010256552,-2250.0,-0.27,32
18.305334329605103,0.882637936008561,-3330.0,-0.14,32
18.305334329605103,0.882637936008561,-3330.0,-0.14,32
18.3250150680542,0.8676779709914668,-1440.0,0.35000000000000003,32
18.3250150680542,0.8676779709914668,-1440.0,0.35000000000000003,32
18.346553087234497,0.8377580409572782,-2880.0,-0.12,32
18.346553087234497,0.8377580409572782,-2880.0,-0.12,32
18.364490270614624,0.8227980759401841,-810.0,0.5,32
18.364490270614624,0.8227980759401841,-810.0,0.5,32
18.38456416130066,0.7779181808889013,-4500.0,0.0,32
18.38456416130066,0.7779181808889013,-4500.0,0.0,32
18.404714345932007,0.7629582158718071,-1710.0,0.39,32
18.404714345932007,0.7629582158718071,-1710.0,0.39,32
18.426893711090088,0.7330382858376184,-2430.0,-0.35000000000000003,32
18.426893711090088,0.7330382858376184,-2430.0,-0.35000000000000003,32
18.444713354110718,0.7180783208205244,-3690.0,0.2,32
18.444713354110718,0.7180783208205244,-3690.0,0.2,32
18.46774125099182,0.6881583907863358,-1080.0,0.55,32
18.46774125099182,0.6881583907863358,-1080.0,0.55,32
18.485945224761963,0.6432784957350529,-4320.0,0.0,32
18.485945224761963,0.6432784957350529,-4320.0,0.0,32
18.50539994239807,0.6283185307179586,-1530.0,0.3,32
18.50539994239807,0.6283185307179586,-1530.0,0.3,32
18.52679419517517,0.6133585657008644,-3510.0,0.18,32
18.52679419517517,0.6133585657008644,-3510.0,0.18,32
18.545473098754883,0.5684786706495817,-2970.0,-0.07,32
18.545473098754883,0.5684786706495817,-2970.0,-0.07,32
18.564693450927734,0.5535187056324875,-2070.0,0.25,32
18.586723804473877,0.5535187056324875,-2070.0,0.25,32
18.586723804473877,0.5235987755982988,-2970.0,-0.22,32
18.586723804473877,0.5235987755982988,-2970.0,-0.22,32
18.604642391204834,0.4936788455641104,-2160.0,0.24,32
18.604642391204834,0.4936788455641104,-2160.0,0.24,32
18.624605178833008,0.47871888054701617,-1530.0,0.44,32
18.624605178833008,0.47871888054701617,-1530.0,0.44,32
18.644514560699463,0.4338389854957334,-2970.0,-0.35000000000000003,32
18.665953397750854,0.4188790204786391,-3780.0,0.27,32
18.665953397750854,0.4188790204786391,-3780.0,0.27,32
18.665953397750854,0.4188790204786391,-3780.0,0.27,32
18.684775829315186,0.37399912542735636,-3420.0,-0.09,32
18.684775829315186,0.37399912542735636,-3420.0,-0.09,32
18.705557107925415,0.3590391604102622,-3600.0,0.08,32
18.705557107925415,0.3590391604102622,-3600.0,0.08,32
18.72584295272827,0.3291192303760736,-1350.0,0.43,32
18.746809005737305,0.3291192303760736,-1350.0,0.43,32
18.746809005737305,0.2991993003418851,-4320.0,0.04,32
18.746809005737305,0.2991993003418851,-4320.0,0.04,32
18.766363382339478,0.2692793703076966,-3420.0,0.19,32
18.766363382339478,0.2692793703076966,-3420.0,0.19,32
18.786035537719727,0.23935944027350808,-1890.0,0.34,32
18.786035537719727,0.23935944027350808,-1890.0,0.34,32
18.806114196777344,0.20943951023931956,-3690.0,-0.1,32
18.806114196777344,0.20943951023931956,-3690.0,-0.1,32
18.82472324371338,0.1795195802051311,-1710.0,0.5,32
18.82472324371338,0.1795195802051311,-1710.0,0.5,32
18.845806121826172,0.14959965017094254,-4320.0,0.23,32
18.845806121826172,0.14959965017094254,-4320.0,0.23,32
18.86497402191162,0.11967972013675404,-3060.0,-0.2,32
18.86497402191162,0.11967972013675404,-3060.0,-0.2,32
18.88482928276062,0.08975979010256555,-2430.0,0.25,32
18.88482928276062,0.08975979010256555,-2430.0,0.25,32
18.90549349784851,0.05983986006837702,-3780.0,-0.01,32
18.90549349784851,0.05983986006837702,-3780.0,-0.01,32
18.92563819885254,0.02991993003418851,-3510.0,0.17,32
18.92563819885254,0.02991993003418851,-3510.0,0.17,32
18.947535514831543,0.0,-3060.0,0.15,32
18.966037273406982,0.0,-3060.0,0.15,32
18.966037273406982,0.0,-1890.0,0.39,32
18.966037273406982,0.0,-1890.0,0.39,32
18.986320734024048,-0.04487989505128277,-3150.0,-0.26,32
18.986320734024048,-0.04487989505128277,-3150.0,-0.26,32
19.00451397895813,-0.07479982508547127,-1890.0,0.41000000000000003,32
19.00451397895813,-0.07479982508547127,-1890.0,0.41000000000000003,32
19.024644136428833,-0.10471975511965978,-3510.0,-0.18,32
19.024644136428833,-0.10471975511965978,-3510.0,-0.18,32
19.044471502304077,-0.1346396851538483,-3690.0,0.18,32
19.044471502304077,-0.1346396851538483,-3690.0,0.18,32
19.06460928916931,-0.14959965017094254,-1350.0,0.45,32
19.06460928916931,-0.14959965017094254,-1350.0,0.45,32
19.086524486541748,-0.19447954522222533,-3510.0,-0.22,32
19.086524486541748,-0.19447954522222533,-3510.0,-0.22,32
19.106555700302124,-0.2243994752564138,-3870.0,0.21,32
19.106555700302124,-0.2243994752564138,-3870.0,0.21,32
19.12462019920349,-0.2543194052906023,-3150.0,-0.19,32
19.12462019920349,-0.2543194052906023,-3150.0,-0.19,32
19.144904613494873,-0.2692793703076966,-2520.0,0.4,32
19.144904613494873,-0.2692793703076966,-2520.0,0.4,32
19.165338277816772,-0.3141592653589793,-3690.0,-0.13,32
19.184978008270264,-0.3141592653589793,-3690.0,-0.13,32
19.184978008270264,-0.3291192303760736,-1800.0,0.44,32
19.184978008270264,-0.3291192303760736,-1800.0,0.44,32
19.20495915412903,-0.37399912542735636,-3690.0,-0.1,32
19.20495915412903,-0.37399912542735636,-3690.0,-0.1,32
19.22628092765808,-0.38895909044445065,-1710.0,0.35000000000000003,32
19.22628092765808,-0.38895909044445065,-1710.0,0.35000000000000003,32
19.247032642364502,-0.4188790204786391,-3150.0,0.12,32
19.247032642364502,-0.4188790204786391,-3150.0,0.12,32
19.26475477218628,-0.4487989505128276,-2340.0,0.37,32
19.26475477218628,-0.4487989505128276,-2340.0,0.37,32
19.288254737854004,-0.47871888054701617,-4050.0,0.23,32
19.288254737854004,-0.47871888054701617,-4050.0,0.23,32
19.304707288742065,-0.5086388105812046,-3150.0,-0.22,32
19.325092792510986,-0.5086388105812046,-3150.0,-0.22,32
19.325092792510986,-0.5385587406153932,-3420.0,0.24,32
19.345475673675537,-0.5385587406153932,-3420.0,0.24,32
19.345475673675537,-0.5535187056324875,-1350.0,0.5700000000000001,32
19.345475673675537,-0.5535187056324875,-1350.0,0.5700000000000001,32
19.367243766784668,-0.5983986006837702,-4230.0,0.1,32
19.387051582336426,-0.5983986006837702,-4230.0,0.1,32
19.387051582336426,-0.6133585657008644,-2970.0,0.16,32
19.405008554458618,-0.6133585657008644,-2970.0,0.16,32
19.405008554458618,-0.6432784957350529,-1710.0,0.38,32
19.405008554458618,-0.6432784957350529,-1710.0,0.38,32
19.42472195625305,-0.6731984257692414,-4050.0,0.05,32
19.42472195625305,-0.6731984257692414,-4050.0,0.05,32
19.44489812850952,-0.70311835580343,-2970.0,-0.09,32
19.44489812850952,-0.70311835580343,-2970.0,-0.09,32
19.466429471969604,-0.70311835580343,-1170.0,0.59,32
19.466429471969604,-0.70311835580343,-1170.0,0.59,32
19.48497462272644,-0.7479982508547127,-3870.0,-0.21,32
19.48497462272644,-0.7479982508547127,-3870.0,-0.21,32
19.505926847457886,-0.7779181808889013,-1620.0,0.41000000000000003,32
19.505926847457886,-0.7779181808889013,-1620.0,0.41000000000000003,32
19.52716827392578,-0.7928781459059957,-2070.0,0.34,32
19.52716827392578,-0.7928781459059957,-2070.0,0.34,32
19.54817295074463,-0.8227980759401841,-3060.0,-0.11,32
19.571235179901123,-0.8377580409572782,-1080.0,0.56,32
19.571235179901123,-0.8377580409572782,-1080.0,0.56,32
19.586509943008423,-0.8676779709914668,-3510.0,-0.15,32
19.586509943008423,-0.8676779709914668,-3510.0,-0.15,32
19.60553240776062,-0.8975979010256552,-3150.0,-0.14,32
19.60553240776062,-0.8975979010256552,-3150.0,-0.14,32
19.60553240776062,-0.8975979010256552,-3150.0,-0.14,32
19.62616801261902,-0.9125578660427495,-2430.0,0.16,32
19.62616801261902,-0.9125578660427495,-2430.0,0.16,32
19.646511554718018,-0.9424777960769382,-1350.0,0.36,32
19.646511554718018,-0.9424777960769382,-1350.0,0.36,32
19.666823625564575,-0.9574377610940323,-3510.0,0.15,32
19.684640407562256,-0.9574377610940323,-3510.0,0.15,32
19.684640407562256,-0.9873576911282208,-990.0,0.4,32
19.704773426055908,-1.002317656145315,-3690.0,0.2,32
19.704773426055908,-1.002317656145315,-3690.0,0.2,32
19.704773426055908,-1.002317656145315,-3690.0,0.2,32
19.728260040283203,-1.0172776211624093,-720.0,0.49,32
19.745054006576538,-1.0172776211624093,-720.0,0.49,32
19.745054006576538,-1.0471975511965976,-3240.0,-0.24,32
19.745054006576538,-1.0471975511965976,-3240.0,-0.24,32
19.770116090774536,-1.062157516213692,-720.0,0.48,32
19.770116090774536,-1.062157516213692,-720.0,0.48,32
19.787151098251343,-1.0920774462478806,-2970.0,-0.28,32
19.787151098251343,-1.0920774462478806,-2970.0,-0.28,32
19.80681848526001,-1.107037411264975,-1710.0,0.34,32
19.80681848526001,-1.107037411264975,-1710.0,0.34,32
19.82647395133972,-1.121997376282069,-3150.0,0.09,32
19.82647395133972,-1.121997376282069,-3150.0,0.09,32
19.847360134124756,-1.1519173063162578,-720.0,-0.33,32
19.864821434020996,-1.1519173063162578,-900.0,0.47000000000000003,32
19.864821434020996,-1.1519173063162578,-900.0,0.47000000000000003,32
19.864821434020996,-1.1519173063162578,-900.0,0.47000000000000003,32
19.8850679397583,-1.1967972013675403,-3420.0,0.03,32
19.906968355178833,-1.1967972013675403,-540.0,0.5,32
19.906968355178833,-1.1967972013675403,-540.0,0.5,32
19.906968355178833,-1.1967972013675403,-540.0,0.5,32
19.925214767456055,-1.2117571663846345,-3420.0,0.13,32
19.925214767456055,-1.2117571663846345,-3420.0,0.13,32
19.946502923965454,-1.2416770964188233,-540.0,0.31,32
19.946502923965454,-1.2416770964188233,-540.0,0.31,32
19.96648406982422,-1.2416770964188233,-630.0,0.56,32
19.96648406982422,-1.2416770964188233,-630.0,0.56,32
19.98463273048401,-1.2715970264530116,-3960.0,0.1,32
19.98463273048401,-1.2715970264530116,-3960.0,0.1,32
20.005844593048096,-1.2865569914701058,-540.0,0.33,32
20.005844593048096,-1.2865569914701058,-540.0,0.33,32
20.025166273117065,-1.3015169564872002,-3060.0,-0.01,32
20.025166273117065,-1.3015169564872002,-3060.0,-0.01,32
20.046409130096436,-1.3015169564872002,-450.0,0.5,32
20.064769506454468,-1.3015169564872002,-450.0,0.5,32
20.064769506454468,-1.3314368865213886,-2970.0,-0.22,32
20.064769506454468,-1.3314368865213886,-2970.0,-0.22,32
20.084660053253174,-1.3463968515384828,-540.0,-0.27,32
20.084660053253174,-1.3463968515384828,-540.0,-0.27,32
20.106940031051636,-1.3463968515384828,-270.0,0.49,32
20.106940031051636,-1.3463968515384828,-270.0,0.49,32
20.125359535217285,-1.3463968515384828,-630.0,0.63,32
20.125359535217285,-1.3463968515384828,-630.0,0.63,32
20.14460301399231,-1.3763167815726716,-3150.0,0.07,32
20.14460301399231,-1.3763167815726716,-3150.0,0.07,32
20.16471552848816,-1.3912767465897655,-540.0,-0.2,32
20.16471552848816,-1.3912767465897655,-540.0,-0.2,32
20.184534311294556,-1.3912767465897655,-270.0,0.37,32
20.184534311294556,-1.3912767465897655,-270.0,0.37,32
20.204953908920288,-1.3912767465897655,-1350.0,0.22,32
20.204953908920288,-1.3912767465897655,-1350.0,0.22,32
20.22572135925293,-1.40623671160686,-540.0,-0.19,32
20.22572135925293,-1.40623671160686,-540.0,-0.19,32
20.245514392852783,-1.421196676623954,-2250.0,0.16,32
20.245514392852783,-1.421196676623954,-2250.0,0.16,32
20.264856576919556,-1.421196676623954,-270.0,-0.19,32
20.264856576919556,-1.421196676623954,-270.0,-0.19,32
20.284918308258057,-1.4361566416410487,-180.0,0.31,32
20.284918308258057,-1.4361566416410487,-180.0,0.31,32
20.305856466293335,-1.4361566416410487,-990.0,0.21,32
20.305856466293335,-1.4361566416410487,-990.0,0.21,32
20.32805609703064,-1.451116606658143,-180.0,-0.13,32
20.32805609703064,-1.451116606658143,-180.0,-0.13,32
20.34705352783203,-1.451116606658143,-180.0,-0.24,32
20.364948749542236,-1.451116606658143,-180.0,-0.24,32
20.364948749542236,-1.451116606658143,0.0,0.35000000000000003,32
20.364948749542236,-1.451116606658143,0.0,0.35000000000000003,32
20.388195037841797,-1.451116606658143,-180.0,0.38,32
20.388195037841797,-1.451116606658143,-180.0,0.38,32
20.408563137054443,-1.4660765716752369,-1350.0,0.19,32
20.408563137054443,-1.4660765716752369,-1350.0,0.19,32
20.425997495651245,-1.4660765716752369,-180.0,-0.16,32
20.446823120117188,-1.4660765716752369,-180.0,-0.16,32
20.446823120117188,-1.4660765716752369,0.0,-0.22,32
20.446823120117188,-1.4660765716752369,0.0,-0.22,32
20.464670658111572,-1.4660765716752369,0.0,-0.28,32
20.464670658111572,-1.4660765716752369,0.0,-0.28,32
20.485188245773315,-1.4660765716752369,-90.0,-0.3,32
20.485188245773315,-1.4660765716752369,-90.0,-0.3,32
20.506129026412964,-1.4660765716752369,-90.0,-0.32,32
20.506129026412964,-1.4660765716752369,-90.0,-0.32,32
20.525129079818726,-1.4660765716752369,0.0,0.34,32
20.525129079818726,-1.4660765716752369,0.0,0.34,32
20.544943809509277,-1.4660765716752369,0.0,0.32,32
20.544943809509277,-1.4660765716752369,0.0,0.32,32
20.56473660469055,-1.4660765716752369,0.0,-0.31,32
20.56473660469055,-1.4660765716752369,0.0,-0.31,32
20.585136651992798,-1.4660765716752369,0.0,-0.26,32
20.585136651992798,-1.4660765716752369,0.0,-0.26,32
20.60714077949524,-1.4660765716752369,90.0,-0.21,32
20.60714077949524,-1.4660765716752369,90.0,-0.21,32
20.625123977661133,-1.4660765716752369,90.0,-0.13,32
20.625123977661133,-1.4660765716752369,90.0,-0.13,32
20.646344900131226,-1.4660765716752369,90.0,-0.03,32
20.646344900131226,-1.4660765716752369,90.0,-0.03,32
20.665500164031982,-1.4660765716752369,90.0,-0.06,32
20.665500164031982,-1.4660765716752369,90.0,-0.06,32
20.686629056930542,-1.4660765716752369,180.0,-0.21,32
20.686629056930542,-1.4660765716752369,180.0,-0.21,32
20.707661390304565,-1.4660765716752369,270.0,-0.38,32
20.707661390304565,-1.4660765716752369,270.0,-0.38,32
20.725534200668335,-1.451116606658143,1620.0,-0.08,32
20.725534200668335,-1.451116606658143,1620.0,-0.08,32
20.74603009223938,-1.451116606658143,360.0,-0.28,32
20.765652656555176,-1.451116606658143,360.0,-0.28,32
20.765652656555176,-1.451116606658143,270.0,0.44,32
20.765652656555176,-1.451116606658143,270.0,0.44,32
20.786602020263672,-1.4361566416410487,540.0,0.6,32
20.786602020263672,-1.4361566416410487,540.0,0.6,32
20.804874897003174,-1.421196676623954,2070.0,-0.31,32
20.804874897003174,-1.421196676623954,2070.0,-0.31,32
20.824587106704712,-1.421196676623954,450.0,0.47000000000000003,32
20.824587106704712,-1.421196676623954,450.0,0.47000000000000003,32
20.844914436340332,-1.40623671160686,1170.0,-0.32,32
20.844914436340332,-1.40623671160686,1170.0,-0.32,32
20.8653826713562,-1.3912767465897655,450.0,0.48,32
20.8653826713562,-1.3912767465897655,450.0,0.48,32
20.88500714302063,-1.3763167815726716,2070.0,-0.24,32
20.88500714302063,-1.3763167815726716,2070.0,-0.24,32
20.904492378234863,-1.3763167815726716,540.0,0.45,32
20.904492378234863,-1.3763167815726716,540.0,0.45,32
20.92477798461914,-1.3463968515384828,2430.0,-0.04,32
20.92477798461914,-1.3463968515384828,2430.0,-0.04,32
20.94593119621277,-1.3463968515384828,360.0,-0.09,32
20.94593119621277,-1.3463968515384828,360.0,-0.09,32
20.964653968811035,-1.3314368865213886,450.0,0.35000000000000003,32
20.984646320343018,-1.3314368865213886,1440.0,0.33,32
20.984646320343018,-1.3314368865213886,1440.0,0.33,32
21.005051612854004,-1.3314368865213886,1440.0,0.33,32
21.005051612854004,-1.3015169564872002,2610.0,0.12,32
21.005051612854004,-1.3015169564872002,2610.0,0.12,32
21.024986267089844,-1.3015169564872002,270.0,0.34,32
21.024986267089844,-1.3015169564872002,270.0,0.34,32
21.045682907104492,-1.2865569914701058,990.0,0.48,32
21.045682907104492,-1.2865569914701058,990.0,0.48,32
21.0652973651886,-1.2566370614359172,2700.0,-0.03,32
21.0652973651886,-1.2566370614359172,2700.0,-0.03,32
21.084553241729736,-1.2566370614359172,450.0,0.38,32
21.084553241729736,-1.2566370614359172,450.0,0.38,32
21.105427026748657,-1.2267171314017289,3420.0,-0.11,32
21.105427026748657,-1.2267171314017289,3420.0,-0.11,32
21.125293016433716,-1.2117571663846345,1620.0,-0.24,32
21.125293016433716,-1.2117571663846345,1620.0,-0.24,32
21.14468002319336,-1.1967972013675403,990.0,0.45,32
21.14468002319336,-1.1967972013675403,990.0,0.45,32
21.164861917495728,-1.181837236350446,900.0,0.51,32
21.164861917495728,-1.181837236350446,900.0,0.51,32
21.18480110168457,-1.1519173063162578,3510.0,-0.16,32
21.18480110168457,-1.1519173063162578,3510.0,-0.16,32
21.204603672027588,-1.1519173063162578,630.0,0.44,32
21.204603672027588,-1.1519173063162578,630.0,0.44,32
21.230804920196533,-1.1369573412991634,1530.0,0.52,32
21.245691776275635,-1.1369573412991634,1530.0,0.52,32
21.245691776275635,-1.0920774462478806,2880.0,-0.14,32
21.245691776275635,-1.0920774462478806,2880.0,-0.14,32
21.266085147857666,-1.0771174812307864,2520.0,0.01,32
21.266085147857666,-1.0771174812307864,2520.0,0.01,32
21.284484386444092,-1.062157516213692,2520.0,-0.06,32
21.284484386444092,-1.062157516213692,2520.0,-0.06,32
21.304606676101685,-1.0471975511965976,1260.0,0.38,32
21.304606676101685,-1.0471975511965976,1260.0,0.38,32
21.324703454971313,-1.0172776211624093,3150.0,-0.03,32
21.324703454971313,-1.0172776211624093,3150.0,-0.03,32
21.345375299453735,-1.002317656145315,1260.0,0.41000000000000003,32
21.345375299453735,-1.002317656145315,1260.0,0.41000000000000003,32
21.36559772491455,-0.9723977261111265,3330.0,-0.14,32
21.36559772491455,-0.9723977261111265,3330.0,-0.14,32
21.384838581085205,-0.9574377610940323,1260.0,0.51,32
21.384838581085205,-0.9574377610940323,1260.0,0.51,32
21.40597653388977,-0.9275178310598438,2700.0,-0.28,32
21.40597653388977,-0.9275178310598438,2700.0,-0.28,32
21.425116777420044,-0.9125578660427495,1620.0,0.53,32
21.425116777420044,-0.9125578660427495,1620.0,0.53,32
21.446452379226685,-0.882637936008561,2160.0,-0.4,32
21.446452379226685,-0.882637936008561,2160.0,-0.4,32
21.464582681655884,-0.8676779709914668,2970.0,0.27,32
21.464582681655884,-0.8676779709914668,2970.0,0.27,32
21.484724521636963,-0.8377580409572782,2250.0,-0.17,32
21.505420684814453,-0.8377580409572782,2250.0,-0.17,32
21.505420684814453,-0.8227980759401841,630.0,0.51,32
21.505420684814453,-0.8227980759401841,630.0,0.51,32
21.524808406829834,-0.7779181808889013,4500.0,0.12,32
21.524808406829834,-0.7779181808889013,4500.0,0.12,32
21.54698872566223,-0.7629582158718071,1440.0,0.4,32
21.566285371780396,-0.7629582158718071,1440.0,0.4,32
21.566285371780396,-0.7330382858376184,2970.0,-0.24,32
21.566285371780396,-0.7330382858376184,2970.0,-0.24,32
21.585594177246094,-0.7180783208205244,3600.0,0.19,32
21.585594177246094,-0.7180783208205244,3600.0,0.19,32
21.607513427734375,-0.6881583907863358,1170.0,0.54,32
21.624646186828613,-0.6582384607521472,3510.0,0.14,32
21.624646186828613,-0.6582384607521472,3510.0,0.14,32
21.624646186828613,-0.6582384607521472,3510.0,0.14,32
21.644838094711304,-0.6283185307179586,3420.0,0.22,32
21.644838094711304,-0.6283185307179586,3420.0,0.22,32
21.664839506149292,-0.6133585657008644,3330.0,0.2,32
21.684669256210327,-0.6133585657008644,3330.0,0.2,32
21.684669256210327,-0.583438635666676,1980.0,0.24,32
21.684669256210327,-0.583438635666676,1980.0,0.24,32
21.704691886901855,-0.5385587406153932,3420.0,-0.04,32
21.704691886901855,-0.5385587406153932,3420.0,-0.04,32
21.72453284263611,-0.5385587406153932,1440.0,0.48,32
21.72453284263611,-0.5385587406153932,1440.0,0.48,32
21.74512505531311,-0.4936788455641104,3960.0,-0.03,32
21.74512505531311,-0.4936788455641104,3960.0,-0.03,32
21.765319347381592,-0.47871888054701617,810.0,0.5700000000000001,32
21.78567600250244,-0.47871888054701617,810.0,0.5700000000000001,32
21.78567600250244,-0.4338389854957334,4860.0,-0.13,32
21.78567600250244,-0.4338389854957334,4860.0,-0.13,32
21.80532717704773,-0.4188790204786391,1890.0,0.47000000000000003,32
21.80532717704773,-0.4188790204786391,1890.0,0.47000000000000003,32
21.82493805885315,-0.38895909044445065,3060.0,0.23,32
21.82493805885315,-0.38895909044445065,3060.0,0.23,32
21.84801173210144,-0.37399912542735636,1350.0,0.55,32
21.84801173210144,-0.37399912542735636,1350.0,0.55,32
21.864551067352295,-0.3141592653589793,4050.0,0.0,32
21.884828805923462,-0.3141592653589793,4050.0,0.0,32
21.884828805923462,-0.2991993003418851,1890.0,0.24,32
21.884828805923462,-0.2991993003418851,1890.0,0.24,32
21.906527280807495,-0.2692793703076966,3510.0,-0.11,32
21.906527280807495,-0.2692793703076966,3510.0,-0.11,32
21.927698135375977,-0.23935944027350808,1170.0,0.46,32
21.927698135375977,-0.23935944027350808,1170.0,0.46,32
21.945494413375854,-0.20943951023931956,4770.0,0.12,32
21.945494413375854,-0.20943951023931956,4770.0,0.12,32
21.965511083602905,-0.1795195802051311,1800.0,0.49,32
21.985939979553223,-0.1795195802051311,1800.0,0.49,32
21.985939979553223,-0.14959965017094254,4230.0,0.27,32
22.005776166915894,-0.14959965017094254,4230.0,0.27,32
22.005776166915894,-0.11967972013675404,3240.0,-0.2,32
22.005776166915894,-0.11967972013675404,3240.0,-0.2,32
22.025474786758423,-0.08975979010256555,3420.0,0.23,32
22.025474786758423,-0.08975979010256555,3420.0,0.23,32
22.045114040374756,-0.05983986006837702,2610.0,0.17,32
22.045114040374756,-0.05983986006837702,2610.0,0.17,32
22.06568741798401,-0.02991993003418851,3330.0,-0.12,32
22.08462405204773,-0.02991993003418851,3330.0,-0.12,32
22.08462405204773,-0.014959965017094255,3600.0,0.17,32
22.08462405204773,-0.014959965017094255,3600.0,0.17,32
22.10495400428772,0.014959965017094255,3330.0,-0.08,32
22.10495400428772,0.014959965017094255,3330.0,-0.08,32
22.124951362609863,0.04487989505128277,3150.0,-0.26,32
22.124951362609863,0.04487989505128277,3150.0,-0.26,32
22.144495010375977,0.07479982508547127,2610.0,0.35000000000000003,32
22.144495010375977,0.07479982508547127,2610.0,0.35000000000000003,32
22.16475772857666,0.10471975511965978,3510.0,0.15,32
22.16475772857666,0.10471975511965978,3510.0,0.15,32
22.18536067008972,0.1346396851538483,3240.0,0.28,32
22.204498767852783,0.1346396851538483,3240.0,0.28,32
22.204498767852783,0.1645596151880368,2250.0,0.29,32
22.204498767852783,0.1645596151880368,2250.0,0.29,32
22.224677801132202,0.19447954522222533,3330.0,-0.13,32
22.224677801132202,0.19447954522222533,3330.0,-0.13,32
22.24461317062378,0.20943951023931956,3420.0,0.18,32
22.24461317062378,0.20943951023931956,3420.0,0.18,32
22.265869140625,0.2543194052906023,4050.0,-0.01,32
22.265869140625,0.2543194052906023,4050.0,-0.01,32
22.284839868545532,0.2692793703076966,1620.0,0.51,32
22.284839868545532,0.2692793703076966,1620.0,0.51,32
22.30452799797058,0.3141592653589793,4590.0,0.01,32
22.30452799797058,0.3141592653589793,4590.0,0.01,32
22.32515025138855,0.3291192303760736,1890.0,0.38,32
22.34567427635193,0.3291192303760736,1890.0,0.38,32
22.34567427635193,0.3590391604102622,3150.0,-0.3,32
22.34567427635193,0.3590391604102622,3150.0,-0.3,32
22.365126609802246,0.38895909044445065,3330.0,0.26,32
22.365126609802246,0.38895909044445065,3330.0,0.26,32
22.38456416130066,0.4188790204786391,2520.0,0.22,32
22.38456416130066,0.4188790204786391,2520.0,0.22,32
22.406694650650024,0.4487989505128276,2520.0,-0.22,32
22.406694650650024,0.4487989505128276,2520.0,-0.22,32
22.424525022506714,0.47871888054701617,3960.0,0.13,32
22.424525022506714,0.47871888054701617,3960.0,0.13,32
22.445478916168213,0.5086388105812046,2970.0,0.09,32
22.445478916168213,0.5086388105812046,2970.0,0.09,32
22.4649178981781,0.5235987755982988,1710.0,0.42,32
22.4649178981781,0.5235987755982988,1710.0,0.42,32
22.484972715377808,0.5684786706495817,3600.0,-0.12,32
22.484972715377808,0.5684786706495817,3600.0,-0.12,32
22.505035161972046,0.583438635666676,1530.0,0.41000000000000003,32
22.505035161972046,0.583438635666676,1530.0,0.41000000000000003,32
22.524415493011475,0.6133585657008644,3420.0,-0.16,32
22.524415493011475,0.6133585657008644,3420.0,-0.16,32
22.546178579330444,0.6432784957350529,2070.0,-0.41000000000000003,32
22.546178579330444,0.6432784957350529,2070.0,-0.41000000000000003,32
22.564740896224976,0.6582384607521472,3510.0,0.25,32
22.564740896224976,0.6582384607521472,3510.0,0.25,32
22.586689472198486,0.70311835580343,3870.0,0.1,32
22.586689472198486,0.70311835580343,3870.0,0.1,32
22.606400728225708,0.70311835580343,1440.0,0.41000000000000003,32
22.62743330001831,0.70311835580343,1440.0,0.41000000000000003,32
22.62743330001831,0.7479982508547127,3420.0,-0.14,32
22.62743330001831,0.7479982508547127,3420.0,-0.14,32
22.644450426101685,0.7629582158718071,3600.0,0.1,32
22.644450426101685,0.7629582158718071,3600.0,0.1,32
22.66541576385498,0.7928781459059957,720.0,0.48,32
22.66541576385498,0.7928781459059957,720.0,0.48,32
22.68637466430664,0.8227980759401841,4410.0,-0.02,32
22.68637466430664,0.8227980759401841,4410.0,-0.02,32
22.706040859222412,0.8527180059743724,2970.0,-0.19,32
22.706040859222412,0.8527180059743724,2970.0,-0.19,32
22.72439670562744,0.8527180059743724,1260.0,0.68,32
22.72439670562744,0.8527180059743724,1260.0,0.68,32
22.7444965839386,0.8975979010256552,3330.0,-0.27,32
22.7444965839386,0.8975979010256552,3330.0,-0.27,32
22.764788389205933,0.9125578660427495,2250.0,0.29,32
22.78499150276184,0.9125578660427495,2250.0,0.29,32
22.78499150276184,0.9424777960769382,1800.0,-0.25,32
22.78499150276184,0.9424777960769382,1800.0,-0.25,32
22.805803298950195,0.9574377610940323,2790.0,-0.17,32
22.805803298950195,0.9574377610940323,2790.0,-0.17,32
22.824386596679688,0.9873576911282208,810.0,0.38,32
22.824386596679688,0.9873576911282208,810.0,0.38,32
22.84453845024109,1.002317656145315,3870.0,0.06,32
22.84453845024109,1.002317656145315,3870.0,0.06,32
22.865567922592163,1.0172776211624093,630.0,0.38,32
22.865567922592163,1.0172776211624093,630.0,0.38,32
22.885552406311035,1.0471975511965976,3510.0,-0.11,32
22.885552406311035,1.0471975511965976,3510.0,-0.11,32
22.9046573638916,1.062157516213692,810.0,0.38,32
22.924821615219116,1.062157516213692,810.0,0.38,32
22.924821615219116,1.0920774462478806,2070.0,-0.33,32
22.924821615219116,1.0920774462478806,2070.0,-0.33,32
22.944575786590576,1.107037411264975,2790.0,-0.28,32
22.944575786590576,1.107037411264975,2790.0,-0.28,32
22.964747667312622,1.1369573412991634,3060.0,-0.18,32
22.964747667312622,1.1369573412991634,3060.0,-0.18,32
22.984460830688477,1.1519173063162578,1440.0,-0.31,32
22.984460830688477,1.1519173063162578,1440.0,-0.31,32
23.005139112472534,1.1519173063162578,810.0,0.61,32
23.005139112472534,1.1519173063162578,810.0,0.61,32
23.0261013507843,1.1967972013675403,4140.0,0.13,32
23.0261013507843,1.1967972013675403,4140.0,0.13,32
23.046348094940186,1.1967972013675403,630.0,0.37,32
23.046348094940186,1.1967972013675403,630.0,0.37,32
23.064376831054688,1.2267171314017289,3510.0,0.12,32
23.064376831054688,1.2267171314017289,3510.0,0.12,32
23.084516525268555,1.2267171314017289,630.0,-0.2,32
23.084516525268555,1.2267171314017289,630.0,-0.2,32
23.10426640510559,1.2416770964188233,630.0,0.47000000000000003,32
23.10426640510559,1.2416770964188233,630.0,0.47000000000000003,32
23.12444281578064,1.2715970264530116,3240.0,0.1,32
23.12444281578064,1.2715970264530116,3240.0,0.1,32
23.144245862960815,1.2715970264530116,540.0,0.34,32
23.144245862960815,1.2715970264530116,540.0,0.34,32
23.164329051971436,1.2865569914701058,2070.0,0.18,32
23.164329051971436,1.2865569914701058,2070.0,0.18,32
23.184543132781982,1.3164769215042944,1620.0,-0.11,32
23.184543132781982,1.3164769215042944,1620.0,-0.11,32
23.204660654067993,1.3164769215042944,270.0,-0.33,32
23.204660654067993,1.3164769215042944,270.0,-0.33,32
23.226811170578003,1.3463968515384828,2790.0,0.06,32
23.226811170578003,1.3463968515384828,2790.0,0.06,32
23.24504327774048,1.3463968515384828,360.0,0.41000000000000003,32
23.24504327774048,1.3463968515384828,360.0,0.41000000000000003,32
23.26461148262024,1.3613568165555772,1530.0,0.32,32
23.26461148262024,1.3613568165555772,1530.0,0.32,32
23.28511667251587,1.3763167815726716,2160.0,0.06,32
23.28511667251587,1.3763167815726716,2160.0,0.06,32
23.30466604232788,1.3763167815726716,360.0,-0.26,32
23.30466604232788,1.3763167815726716,360.0,-0.26,32
23.325252532958984,1.3912767465897655,360.0,0.43,32
23.325252532958984,1.3912767465897655,360.0,0.43,32
23.344589710235596,1.3912767465897655,720.0,0.48,32
23.344589710235596,1.3912767465897655,720.0,0.48,32
23.364381313323975,1.40623671160686,630.0,-0.39,32
23.364381313323975,1.40623671160686,630.0,-0.39,32
23.384385585784912,1.40623671160686,360.0,0.52,32
23.404524326324463,1.40623671160686,360.0,0.52,32
23.404524326324463,1.4361566416410487,2610.0,-0.08,32
23.425636291503906,1.4361566416410487,2610.0,-0.08,32
23.425636291503906,1.4361566416410487,180.0,-0.35000000000000003,32
23.425636291503906,1.4361566416410487,180.0,-0.35000000000000003,32
23.444600582122803,1.451116606658143,2070.0,0.05,32
23.444600582122803,1.451116606658143,2070.0,0.05,32
23.468769550323486,1.451116606658143,360.0,-0.14,32
23.468769550323486,1.451116606658143,360.0,-0.14,32
23.48534393310547,1.451116606658143,90.0,-0.28,32
23.504485845565796,1.451116606658143,180.0,0.36,32
23.504485845565796,1.451116606658143,180.0,0.36,32
23.504485845565796,1.451116606658143,180.0,0.36,32
23.524567365646362,1.451116606658143,630.0,0.32,32
23.544830560684204,1.451116606658143,630.0,0.32,32
23.544830560684204,1.4660765716752369,360.0,-0.12,32
23.544830560684204,1.4660765716752369,360.0,-0.12,32
23.565903663635254,1.4660765716752369,0.0,-0.11,32
23.565903663635254,1.4660765716752369,0.0,-0.11,32
23.584909200668335,1.4660765716752369,0.0,-0.15,32
23.584909200668335,1.4660765716752369,0.0,-0.15,32
23.60653328895569,1.4660765716752369,0.0,-0.22,32
23.60653328895569,1.4660765716752369,0.0,-0.22,32
23.626859426498413,1.4660765716752369,90.0,-0.25,32
23.626859426498413,1.4660765716752369,90.0,-0.25,32
23.64451789855957,1.4660765716752369,0.0,-0.23,32
23.64451789855957,1.4660765716752369,0.0,-0.23,32
23.667932748794556,1.4810365366923313,90.0,-0.27,32
23.667932748794556,1.4810365366923313,90.0,-0.27,32
23.685990571975708,1.4660765716752369,0.0,-0.23,32
23.685990571975708,1.4660765716752369,0.0,-0.23,32
23.704623460769653,1.4660765716752369,0.0,-0.21,32
23.704623460769653,1.4660765716752369,0.0,-0.21,32
23.724560976028442,1.4660765716752369,0.0,-0.2,32
23.724560976028442,1.4660765716752369,0.0,-0.2,32
23.744588613510132,1.4660765716752369,0.0,-0.13,32
23.744588613510132,1.4660765716752369,0.0,-0.13,32
23.764531135559082,1.4660765716752369,0.0,-0.06,32
23.764531135559082,1.4660765716752369,0.0,-0.06,32
23.784494876861572,1.4660765716752369,-90.0,0.02,32
23.784494876861572,1.4660765716752369,-90.0,0.02,32
23.80463218688965,1.4660765716752369,-90.0,-0.16,32
23.80463218688965,1.4660765716752369,-90.0,-0.16,32
23.826055765151978,1.4660765716752369,-180.0,-0.26,32
23.826055765151978,1.4660765716752369,-180.0,-0.26,32
23.844695568084717,1.4660765716752369,-270.0,-0.39,32
23.844695568084717,1.4660765716752369,-270.0,-0.39,32
23.864912033081055,1.451116606658143,-810.0,0.37,32
23.864912033081055,1.451116606658143,-810.0,0.37,32
23.884430408477783,1.451116606658143,-180.0,-0.26,32
23.884430408477783,1.451116606658143,-180.0,-0.26,32
23.905152559280396,1.4361566416410487,-180.0,0.4,32
23.905152559280396,1.4361566416410487,-180.0,0.4,32
23.924628496170044,1.4361566416410487,-630.0,0.46,32
23.924628496170044,1.4361566416410487,-630.0,0.46,32
23.94475221633911,1.421196676623954,-1620.0,-0.12,32
23.94475221633911,1.421196676623954,-1620.0,-0.12,32
23.964471578598022,1.40623671160686,-1980.0,0.14,32
23.964471578598022,1.40623671160686,-1980.0,0.14,32
23.986494302749634,1.40623671160686,-360.0,-0.21,32
23.986494302749634,1.40623671160686,-360.0,-0.21,32
24.005990982055664,1.3912767465897655,-540.0,0.34,32
24.005990982055664,1.3912767465897655,-540.0,0.34,32
24.02457094192505,1.3763167815726716,-1260.0,-0.22,32
24.02457094192505,1.3763167815726716,-1260.0,-0.22,32
24.044463396072388,1.3763167815726716,-270.0,0.44,32
24.044463396072388,1.3763167815726716,-270.0,0.44,32
24.065721035003662,1.3613568165555772,-2880.0,0.07,32
24.065721035003662,1.3613568165555772,-2880.0,0.07,32
24.086539268493652,1.3463968515384828,-1350.0,-0.09,32
24.086539268493652,1.3463968515384828,-1350.0,-0.09,32
24.104432344436646,1.3314368865213886,-270.0,0.33,32
24.104432344436646,1.3314368865213886,-270.0,0.33,32
24.12458062171936,1.3314368865213886,-630.0,0.5700000000000001,32
24.12458062171936,1.3314368865213886,-630.0,0.5700000000000001,32
24.14529824256897,1.3015169564872002,-3600.0,0.08,32
24.16509985923767,1.3015169564872002,-3600.0,0.08,32
24.16509985923767,1.2865569914701058,-540.0,-0.31,32
24.16509985923767,1.2865569914701058,-540.0,-0.31,32
24.184776782989502,1.2865569914701058,-990.0,0.45,32
24.184776782989502,1.2865569914701058,-990.0,0.45,32
24.20461392402649,1.2566370614359172,-2970.0,0.03,32
24.20461392402649,1.2566370614359172,-2970.0,0.03,32
24.225016117095947,1.2566370614359172,-540.0,0.42,32
24.225016117095947,1.2566370614359172,-540.0,0.42,32
24.24522066116333,1.2267171314017289,-3510.0,-0.05,32
24.24522066116333,1.2267171314017289,-3510.0,-0.05,32
24.265167951583862,1.2267171314017289,-630.0,0.49,32
24.265167951583862,1.2267171314017289,-630.0,0.49,32
24.28457999229431,1.1967972013675403,-2250.0,-0.19,32
24.30453872680664,1.1967972013675403,-2250.0,-0.19,32
24.30453872680664,1.181837236350446,-450.0,0.45,32
24.30453872680664,1.181837236350446,-450.0,0.45,32
24.326348066329956,1.166877271333352,-3240.0,0.11,32
24.326348066329956,1.166877271333352,-3240.0,0.11,32
24.345811128616333,1.1369573412991634,-540.0,0.35000000000000003,32
24.345811128616333,1.1369573412991634,-540.0,0.35000000000000003,32
24.36542272567749,1.121997376282069,-2250.0,0.16,32
24.36542272567749,1.121997376282069,-2250.0,0.16,32
24.384411573410034,1.0920774462478806,-1890.0,-0.17,32
24.384411573410034,1.0920774462478806,-1890.0,-0.17,32
24.405101776123047,1.0920774462478806,-1710.0,0.22,32
24.405101776123047,1.0920774462478806,-1710.0,0.22,32
24.425742387771606,1.0771174812307864,-900.0,0.45,32
24.425742387771606,1.0771174812307864,-900.0,0.45,32
24.44440793991089,1.0322375861795037,-3690.0,0.04,32
24.464335680007935,1.0322375861795037,-3690.0,0.04,32
24.464335680007935,1.0322375861795037,-900.0,0.52,32
24.464335680007935,1.0322375861795037,-900.0,0.52,32
24.484426021575928,0.9873576911282208,-4140.0,0.01,32
24.484426021575928,0.9873576911282208,-4140.0,0.01,32
24.504305124282837,0.9873576911282208,-1080.0,0.54,32
24.504305124282837,0.9873576911282208,-1080.0,0.54,32
24.525755405426025,0.9424777960769382,-3600.0,-0.13,32
24.525755405426025,0.9424777960769382,-3600.0,-0.13,32
24.5459406375885,0.9424777960769382,-1440.0,0.45,32
24.56828999519348,0.9424777960769382,-1440.0,0.45,32
24.56828999519348,0.9125578660427495,-3060.0,-0.19,32
24.56828999519348,0.9125578660427495,-3060.0,-0.19,32
24.59091067314148,0.882637936008561,-3600.0,0.04,32
24.59091067314148,0.882637936008561,-3600.0,0.04,32
24.6077561378479,0.8676779709914668,-2070.0,-0.27,32
24.6077561378479,0.8676779709914668,-2070.0,-0.27,32
24.624915599822998,0.8377580409572782,-3330.0,-0.14,32
24.624915599822998,0.8377580409572782,-3330.0,-0.14,32
24.644479274749756,0.8227980759401841,-990.0,0.44,32
24.644479274749756,0.8227980759401841,-990.0,0.44,32
24.66508960723877,0.7928781459059957,-4410.0,0.0,32
24.66508960723877,0.7928781459059957,-4410.0,0.0,32
24.68458104133606,0.7779181808889013,-990.0,0.51,32
24.68458104133606,0.7779181808889013,-990.0,0.51,32
24.70446228981018,0.7330382858376184,-3780.0,-0.19,32
24.70446228981018,0.7330382858376184,-3780.0,-0.19,32
24.725813627243042,0.7180783208205244,-2790.0,0.27,32
24.725813627243042,0.7180783208205244,-2790.0,0.27,32
24.745275259017944,0.6881583907863358,-1530.0,0.49,32
24.745275259017944,0.6881583907863358,-1530.0,0.49,32
24.767685174942017,0.6582384607521472,-4230.0,0.04,32
24.767685174942017,0.6582384607521472,-4230.0,0.04,32
24.788100481033325,0.6283185307179586,-2430.0,-0.21,32
24.788100481033325,0.6283185307179586,-2430.0,-0.21,32
24.80617094039917,0.6133585657008644,-2250.0,0.33,32
24.827129125595093,0.6133585657008644,-2250.0,0.33,32
24.827129125595093,0.583438635666676,-2970.0,-0.19,32
24.827129125595093,0.583438635666676,-2970.0,-0.19,32
24.84573769569397,0.5684786706495817,-1440.0,0.43,32
24.84573769569397,0.5684786706495817,-1440.0,0.43,32
24.864888668060303,0.5235987755982988,-3870.0,-0.12,32
24.864888668060303,0.5235987755982988,-3870.0,-0.12,32
24.884607315063477,0.4936788455641104,-2430.0,0.25,32
24.884607315063477,0.4936788455641104,-2430.0,0.25,32
24.905823230743408,0.47871888054701617,-900.0,0.59,32
24.905823230743408,0.47871888054701617,-900.0,0.59,32
24.924598932266235,0.4338389854957334,-4860.0,-0.08,32
24.924598932266235,0.4338389854957334,-4860.0,-0.08,32
24.945618867874146,0.4188790204786391,-3240.0,0.24,32
24.945618867874146,0.4188790204786391,-3240.0,0.24,32
24.96475887298584,0.38895909044445065,-2880.0,0.12,32
24.98519802093506,0.38895909044445065,-2880.0,0.12,32
24.98519802093506,0.3590391604102622,-3240.0,-0.08,32
24.98519802093506,0.3590391604102622,-3240.0,-0.08,32
25.005144834518433,0.3291192303760736,-2700.0,0.26,32
25.005144834518433,0.3291192303760736,-2700.0,0.26,32
25.02474355697632,0.2991993003418851,-2880.0,0.24,32
25.02474355697632,0.2991993003418851,-2880.0,0.24,32
25.045289039611816,0.2692793703076966,-2340.0,0.29,32
25.045289039611816,0.2692793703076966,-2340.0,0.29,32
25.067774772644043,0.23935944027350808,-2790.0,0.24,32
25.067774772644043,0.23935944027350808,-2790.0,0.24,32
25.084707021713257,0.20943951023931956,-2700.0,0.2,32
25.10585904121399,0.1795195802051311,-2700.0,-0.32,32
25.10585904121399,0.1795195802051311,-2700.0,-0.32,32
25.125283002853394,0.1795195802051311,-2700.0,-0.32,32
25.125283002853394,0.1645596151880368,-3240.0,0.33,32
25.144930601119995,0.1645596151880368,-3240.0,0.33,32
25.144930601119995,0.11967972013675404,-4140.0,-0.02,32
25.144930601119995,0.11967972013675404,-4140.0,-0.02,32
25.16459345817566,0.08975979010256555,-3060.0,-0.19,32
25.16459345817566,0.08975979010256555,-3060.0,-0.19,32
25.18691897392273,0.05983986006837702,-3420.0,0.05,32
25.18691897392273,0.05983986006837702,-3420.0,0.05,32
25.20777654647827,0.04487989505128277,-2160.0,0.26,32
25.20777654647827,0.04487989505128277,-2160.0,0.26,32
25.226589918136597,0.0,-3150.0,0.27,32
25.226589918136597,0.0,-3150.0,0.27,32
25.245832204818726,0.0,-1710.0,0.41000000000000003,32
25.245832204818726,0.0,-1710.0,0.41000000000000003,32
25.2646062374115,-0.04487989505128277,-4140.0,-0.16,32
25.2646062374115,-0.04487989505128277,-4140.0,-0.16,32
25.28457760810852,-0.07479982508547127,-2790.0,0.34,32
25.28457760810852,-0.07479982508547127,-2790.0,0.34,32
25.305504322052002,-0.10471975511965978,-3600.0,-0.04,32
25.305504322052002,-0.10471975511965978,-3600.0,-0.04,32
25.325947761535645,-0.11967972013675404,-3060.0,0.2,32
25.345827341079712,-0.11967972013675404,-3060.0,0.2,32
25.345827341079712,-0.14959965017094254,-1710.0,0.45,32
25.345827341079712,-0.14959965017094254,-1710.0,0.45,32
25.364449977874756,-0.19447954522222533,-4860.0,0.0,32
25.364449977874756,-0.19447954522222533,-4860.0,0.0,32
25.384405374526978,-0.20943951023931956,-3510.0,0.2,32
25.40463399887085,-0.20943951023931956,-3510.0,0.2,32
25.40463399887085,-0.2543194052906023,-3510.0,-0.01,32
25.40463399887085,-0.2543194052906023,-3510.0,-0.01,32
25.42559027671814,-0.2543194052906023,-1170.0,0.65,32
25.42559027671814,-0.2543194052906023,-1170.0,0.65,32
25.446351051330566,-0.3141592653589793,-4050.0,-0.2,32
25.446351051330566,-0.3141592653589793,-4050.0,-0.2,32
25.466196298599243,-0.3291192303760736,-1350.0,0.5700000000000001,32
25.486985683441162,-0.3291192303760736,-1350.0,0.5700000000000001,32
25.486985683441162,-0.3590391604102622,-4410.0,-0.1,32
25.486985683441162,-0.3590391604102622,-4410.0,-0.1,32
25.505189657211304,-0.38895909044445065,-1800.0,0.3,32
25.505189657211304,-0.38895909044445065,-1800.0,0.3,32
25.524789333343506,-0.4188790204786391,-2340.0,0.21,32
25.544638633728027,-0.4188790204786391,-2340.0,0.21,32
25.544638633728027,-0.4487989505128276,-3510.0,-0.18,32
25.544638633728027,-0.4487989505128276,-3510.0,-0.18,32
25.565646648406982,-0.4637589155299219,-2700.0,0.36,32
25.565646648406982,-0.4637589155299219,-2700.0,0.36,32
25.585187911987305,-0.5086388105812046,-4230.0,-0.06,32
25.60515308380127,-0.5086388105812046,-4230.0,-0.06,32
25.60515308380127,-0.5235987755982988,-2700.0,0.23,32
25.60515308380127,-0.5235987755982988,-2700.0,0.23,32
25.626461029052734,-0.5535187056324875,-1710.0,0.48,32
25.626461029052734,-0.5535187056324875,-1710.0,0.48,32
25.644977569580078,-0.583438635666676,-3870.0,0.32,32
25.644977569580078,-0.583438635666676,-3870.0,0.32,32
25.667620420455933,-0.6133585657008644,-2970.0,0.11,32
25.667620420455933,-0.6133585657008644,-2970.0,0.11,32
25.686915397644043,-0.6432784957350529,-2880.0,-0.26,32
25.686915397644043,-0.6432784957350529,-2880.0,-0.26,32
25.70502209663391,-0.6731984257692414,-3510.0,0.18,32
25.70502209663391,-0.6731984257692414,-3510.0,0.18,32
25.724437475204468,-0.6881583907863358,-2160.0,0.16,32
25.724437475204468,-0.6881583907863358,-2160.0,0.16,32
25.744444847106934,-0.70311835580343,-720.0,0.65,32
25.744444847106934,-0.70311835580343,-720.0,0.65,32
25.764572381973267,-0.7479982508547127,-5040.0,-0.09,32
25.764572381973267,-0.7479982508547127,-5040.0,-0.09,32
25.787029027938843,-0.7629582158718071,-1890.0,0.39,32
25.787029027938843,-0.7629582158718071,-1890.0,0.39,32
25.805164098739624,-0.7928781459059957,-3060.0,0.3,32
25.805164098739624,-0.7928781459059957,-3060.0,0.3,32
25.82436203956604,-0.8227980759401841,-1440.0,0.4,32
25.82436203956604,-0.8227980759401841,-1440.0,0.4,32
25.844361305236816,-0.8377580409572782,-2700.0,0.15,32
25.844361305236816,-0.8377580409572782,-2700.0,0.15,32
25.864422082901,-0.8527180059743724,-720.0,0.65,32
25.885303497314453,-0.8527180059743724,-720.0,0.65,32
25.885303497314453,-0.8975979010256552,-4590.0,-0.02,32
25.885303497314453,-0.8975979010256552,-4590.0,-0.02,32
25.904525756835938,-0.9125578660427495,-2520.0,-0.14,32
25.904525756835938,-0.9125578660427495,-2520.0,-0.14,32
25.92680525779724,-0.9424777960769382,-2970.0,-0.16,32
25.92680525779724,-0.9424777960769382,-2970.0,-0.16,32
25.944348096847534,-0.9574377610940323,-2970.0,0.19,32
25.944348096847534,-0.9574377610940323,-2970.0,0.19,32
25.965704202651978,-0.9873576911282208,-2250.0,0.28,32
25.965704202651978,-0.9873576911282208,-2250.0,0.28,32
25.98826813697815,-1.002317656145315,-2700.0,-0.26,32
25.98826813697815,-1.002317656145315,-2700.0,-0.26,32
26.006416082382202,-1.0322375861795037,-2250.0,0.29,32
26.006416082382202,-1.0322375861795037,-2250.0,0.29,32
26.02436089515686,-1.0471975511965976,-810.0,0.52,32
26.02436089515686,-1.0471975511965976,-810.0,0.52,32
26.04448628425598,-1.062157516213692,-3150.0,0.26,32
26.064629077911377,-1.062157516213692,-3150.0,0.26,32
26.064629077911377,-1.0920774462478806,-720.0,0.48,32
26.064629077911377,-1.0920774462478806,-720.0,0.48,32
26.085982084274292,-1.0920774462478806,-1890.0,0.38,32
26.085982084274292,-1.0920774462478806,-1890.0,0.38,32
26.10438561439514,-1.1369573412991634,-2250.0,-0.21,32
26.10438561439514,-1.1369573412991634,-2250.0,-0.21,32
26.124372005462646,-1.1519173063162578,-2880.0,0.0,32
26.124372005462646,-1.1519173063162578,-2880.0,0.0,32
26.14635920524597,-1.166877271333352,-2250.0,-0.02,32
26.14635920524597,-1.166877271333352,-2250.0,-0.02,32
26.16488742828369,-1.181837236350446,-630.0,0.39,32
26.18550729751587,-1.181837236350446,-630.0,0.39,32
26.18550729751587,-1.1967972013675403,-2430.0,-0.14,32
26.18550729751587,-1.1967972013675403,-2430.0,-0.14,32
26.206948280334473,-1.2117571663846345,-540.0,0.36,32
26.22488021850586,-1.2117571663846345,-540.0,0.36,32
26.22488021850586,-1.2267171314017289,-2430.0,0.15,32
26.22488021850586,-1.2267171314017289,-2430.0,0.15,32
26.245991468429565,-1.2566370614359172,-1800.0,-0.15,32
26.26866340637207,-1.2566370614359172,-1800.0,-0.15,32
26.26866340637207,-1.2566370614359172,-630.0,0.41000000000000003,32
26.26866340637207,-1.2566370614359172,-630.0,0.41000000000000003,32
26.28583598136902,-1.2865569914701058,-3060.0,-0.16,32
26.305208444595337,-1.2865569914701058,-3060.0,-0.16,32
26.305208444595337,-1.3015169564872002,-630.0,-0.32,32
26.305208444595337,-1.3015169564872002,-630.0,-0.32,32
26.32445788383484,-1.3015169564872002,-360.0,0.52,32
26.32445788383484,-1.3015169564872002,-360.0,0.52,32
26.34467577934265,-1.3164769215042944,-2520.0,0.24,32
26.34467577934265,-1.3164769215042944,-2520.0,0.24,32
26.36558699607849,-1.3463968515384828,-1620.0,-0.2,32
26.36558699607849,-1.3463968515384828,-1620.0,-0.2,32
26.386083364486694,-1.3463968515384828,-270.0,0.49,32
26.404425382614136,-1.3463968515384828,-270.0,0.49,32
26.404425382614136,-1.3463968515384828,-450.0,0.68,32
26.404425382614136,-1.3463968515384828,-450.0,0.68,32
26.426054000854492,-1.3763167815726716,-3240.0,-0.1,32
26.426054000854492,-1.3763167815726716,-3240.0,-0.1,32
26.447770833969116,-1.3912767465897655,-450.0,-0.16,32
26.447770833969116,-1.3912767465897655,-450.0,-0.16,32
26.464835166931152,-1.3912767465897655,-360.0,0.38,32
26.464835166931152,-1.3912767465897655,-360.0,0.38,32
26.48522138595581,-1.3912767465897655,-810.0,0.39,32
26.48522138595581,-1.3912767465897655,-810.0,0.39,32
26.504963397979736,-1.40623671160686,-1170.0,-0.11,32
26.504963397979736,-1.40623671160686,-1170.0,-0.11,32
26.525139808654785,-1.421196676623954,-1530.0,0.0,32
26.525139808654785,-1.421196676623954,-1530.0,0.0,32
26.54697608947754,-1.421196676623954,-360.0,-0.07,32
26.54697608947754,-1.421196676623954,-360.0,-0.07,32
26.564705848693848,-1.4361566416410487,-180.0,-0.29,32
26.584525108337402,-1.4361566416410487,-180.0,-0.29,32
26.584525108337402,-1.4361566416410487,-630.0,0.3,32
26.584525108337402,-1.4361566416410487,-630.0,0.3,32
26.604917764663696,-1.451116606658143,-450.0,-0.17,32
26.604917764663696,-1.451116606658143,-450.0,-0.17,32
26.626420736312866,-1.451116606658143,-90.0,-0.19,32
26.626420736312866,-1.451116606658143,-90.0,-0.19,32
26.64842414855957,-1.451116606658143,-90.0,0.32,32
26.64842414855957,-1.451116606658143,-90.0,0.32,32
26.66468334197998,-1.451116606658143,-90.0,0.45,32
26.66468334197998,-1.451116606658143,-90.0,0.45,32
26.684373378753662,-1.451116606658143,-810.0,0.33,32
26.684373378753662,-1.451116606658143,-810.0,0.33,32
26.704408168792725,-1.4660765716752369,-90.0,-0.22,32
26.704408168792725,-1.4660765716752369,-90.0,-0.22,32
26.7249915599823,-1.4660765716752369,0.0,-0.22,32
26.7249915599823,-1.4660765716752369,0.0,-0.22,32
26.74633479118347,-1.4660765716752369,0.0,-0.28,32
26.74633479118347,-1.4660765716752369,0.0,-0.28,32
26.766473054885864,-1.4660765716752369,0.0,-0.34,32
26.766473054885864,-1.4660765716752369,0.0,-0.34,32
26.78476858139038,-1.4660765716752369,-90.0,-0.33,32
26.78476858139038,-1.4660765716752369,-90.0,-0.33,32
26.804614543914795,-1.4660765716752369,0.0,0.38,32
26.804614543914795,-1.4660765716752369,0.0,0.38,32
26.82437014579773,-1.4660765716752369,0.0,0.34,32
26.82437014579773,-1.4660765716752369,0.0,0.34,32
26.84446668624878,-1.4660765716752369,90.0,-0.31,32
26.84446668624878,-1.4660765716752369,90.0,-0.31,32
26.86468267440796,-1.4660765716752369,0.0,-0.27,32
26.86468267440796,-1.4660765716752369,0.0,-0.27,32
26.884515523910522,-1.4660765716752369,0.0,-0.23,32
26.884515523910522,-1.4660765716752369,0.0,-0.23,32
26.90442728996277,-1.4660765716752369,90.0,-0.16,32
26.90442728996277,-1.4660765716752369,90.0,-0.16,32
26.92464017868042,-1.4660765716752369,90.0,-0.07,32
26.92464017868042,-1.4660765716752369,90.0,-0.07,32
26.9448881149292,-1.4660765716752369,90.0,-0.02,32
26.9448881149292,-1.4660765716752369,90.0,-0.02,32
26.96641230583191,-1.4660765716752369,180.0,-0.17,32
26.96641230583191,-1.4660765716752369,180.0,-0.17,32
26.984665870666504,-1.4660765716752369,90.0,-0.31,32
26.984665870666504,-1.4660765716752369,90.0,-0.31,32
27.00451970100403,-1.451116606658143,990.0,-0.21,32
27.00451970100403,-1.451116606658143,990.0,-0.21,32
27.024511098861694,-1.451116606658143,90.0,-0.22,32
27.024511098861694,-1.451116606658143,90.0,-0.22,32
27.044373273849487,-1.451116606658143,180.0,0.44,32
27.044373273849487,-1.451116606658143,180.0,0.44,32
27.064990520477295,-1.4361566416410487,360.0,0.6,32
27.064990520477295,-1.4361566416410487,360.0,0.6,32
27.084974765777588,-1.421196676623954,2970.0,-0.16,32
27.084974765777588,-1.421196676623954,2970.0,-0.16,32
27.105002880096436,-1.421196676623954,270.0,0.46,32
27.105002880096436,-1.421196676623954,270.0,0.46,32
27.124905586242676,-1.3912767465897655,2430.0,-0.18,32
27.124905586242676,-1.3912767465897655,2430.0,-0.18,32
27.14432644844055,-1.3912767465897655,450.0,0.46,32
27.14432644844055,-1.3912767465897655,450.0,0.46,32
27.164937734603882,-1.3763167815726716,3150.0,-0.06,32
27.164937734603882,-1.3763167815726716,3150.0,-0.06,32
27.184381246566772,-1.3763167815726716,540.0,0.43,32
27.184381246566772,-1.3763167815726716,540.0,0.43,32
27.20429277420044,-1.3463968515384828,3240.0,-0.03,32
27.20429277420044,-1.3463968515384828,3240.0,-0.03,32
27.224966287612915,-1.3463968515384828,720.0,-0.05,32
27.224966287612915,-1.3463968515384828,720.0,-0.05,32
27.245604753494263,-1.3314368865213886,180.0,-0.27,32
27.245604753494263,-1.3314368865213886,180.0,-0.27,32
27.264371871948242,-1.3314368865213886,990.0,0.43,32
27.264371871948242,-1.3314368865213886,990.0,0.43,32
27.284447193145752,-1.3015169564872002,2880.0,0.14,32
27.284447193145752,-1.3015169564872002,2880.0,0.14,32
27.304666757583618,-1.3015169564872002,450.0,-0.28,32
27.304666757583618,-1.3015169564872002,450.0,-0.28,32
27.326797008514404,-1.2865569914701058,720.0,0.52,32
27.326797008514404,-1.2865569914701058,720.0,0.52,32
27.344717502593994,-1.2566370614359172,2250.0,-0.21,32
27.344717502593994,-1.2566370614359172,2250.0,-0.21,32
27.36430525779724,-1.2566370614359172,540.0,0.36,32
27.36430525779724,-1.2566370614359172,540.0,0.36,32
27.384324312210083,-1.2267171314017289,2970.0,0.09,32
27.384324312210083,-1.2267171314017289,2970.0,0.09,32
27.404525995254517,-1.2117571663846345,2250.0,-0.14,32
27.404525995254517,-1.2117571663846345,2250.0,-0.14,32
27.42500066757202,-1.2117571663846345,720.0,0.49,32
27.42500066757202,-1.2117571663846345,720.0,0.49,32
27.444641828536987,-1.181837236350446,1350.0,0.44,32
27.444641828536987,-1.181837236350446,1350.0,0.44,32
27.465166330337524,-1.166877271333352,3240.0,0.18,32
27.465166330337524,-1.166877271333352,3240.0,0.18,32
27.485685348510742,-1.1519173063162578,540.0,0.41000000000000003,32
27.485685348510742,-1.1519173063162578,540.0,0.41000000000000003,32
27.50478720664978,-1.1369573412991634,810.0,0.64,32
27.50478720664978,-1.1369573412991634,810.0,0.64,32
27.524383306503296,-1.0920774462478806,3870.0,-0.02,32
27.524383306503296,-1.0920774462478806,3870.0,-0.02,32
27.544320583343506,-1.0920774462478806,1620.0,0.21,32
27.544320583343506,-1.0920774462478806,1620.0,0.21,32
27.564639806747437,-1.062157516213692,2430.0,-0.02,32
27.564639806747437,-1.062157516213692,2430.0,-0.02,32
27.585455894470215,-1.0471975511965976,540.0,0.45,32
27.585455894470215,-1.0471975511965976,540.0,0.45,32
27.60672402381897,-1.0172776211624093,3420.0,0.03,32
27.60672402381897,-1.0172776211624093,3420.0,0.03,32
27.624429941177368,-1.0172776211624093,720.0,0.43,32
27.624429941177368,-1.0172776211624093,720.0,0.43,32
27.64442539215088,-0.9723977261111265,3600.0,-0.03,32
27.64442539215088,-0.9723977261111265,3600.0,-0.03,32
27.666991710662842,-0.9723977261111265,810.0,0.56,32
27.666991710662842,-0.9723977261111265,810.0,0.56,32
27.68535566329956,-0.9275178310598438,3870.0,-0.15,32
27.68535566329956,-0.9275178310598438,3870.0,-0.15,32
27.704426765441895,-0.9275178310598438,1080.0,0.67,32
27.704426765441895,-0.9275178310598438,1080.0,0.67,32
27.724432706832886,-0.882637936008561,3510.0,-0.25,32
27.724432706832886,-0.882637936008561,3510.0,-0.25,32
27.747125387191772,-0.8676779709914668,1800.0,0.46,32
27.76561999320984,-0.8676779709914668,1800.0,0.46,32
27.76561999320984,-0.8377580409572782,2610.0,-0.15,32
27.76561999320984,-0.8377580409572782,2610.0,-0.15,32
27.784326314926147,-0.8227980759401841,1170.0,0.42,32
27.784326314926147,-0.8227980759401841,1170.0,0.42,32
27.80539870262146,-0.7928781459059957,4050.0,0.06,32
27.824432849884033,-0.7928781459059957,4050.0,0.06,32
27.824432849884033,-0.7779181808889013,900.0,0.48,32
27.824432849884033,-0.7779181808889013,900.0,0.48,32
27.845081567764282,-0.7330382858376184,4140.0,-0.07,32
27.845081567764282,-0.7330382858376184,4140.0,-0.07,32
27.865410327911377,-0.7180783208205244,2700.0,0.21,32
27.865410327911377,-0.7180783208205244,2700.0,0.21,32
27.884930849075317,-0.6881583907863358,1260.0,0.54,32
27.884930849075317,-0.6881583907863358,1260.0,0.54,32
27.905325412750244,-0.6582384607521472,3870.0,0.28,32
27.905325412750244,-0.6582384607521472,3870.0,0.28,32
27.924553871154785,-0.6283185307179586,3240.0,-0.13,32
27.924553871154785,-0.6283185307179586,3240.0,-0.13,32
27.944619178771973,-0.6283185307179586,1350.0,0.58,32
27.944619178771973,-0.6283185307179586,1350.0,0.58,32
27.96466827392578,-0.5684786706495817,4140.0,0.07,32
27.98533821105957,-0.5684786706495817,4140.0,0.07,32
27.98533821105957,-0.5684786706495817,1170.0,0.34,32
27.98533821105957,-0.5684786706495817,1170.0,0.34,32
28.005127429962158,-0.5235987755982988,3510.0,-0.05,32
28.005127429962158,-0.5235987755982988,3510.0,-0.05,32
28.024556398391724,-0.5086388105812046,2880.0,0.24,32
28.024556398391724,-0.5086388105812046,2880.0,0.24,32
28.04444646835327,-0.47871888054701617,2700.0,0.26,32
28.04444646835327,-0.47871888054701617,2700.0,0.26,32
28.06446361541748,-0.4338389854957334,3780.0,-0.06,32
28.06446361541748,-0.4338389854957334,3780.0,-0.06,32
28.084338426589966,-0.4338389854957334,1980.0,0.47000000000000003,32
28.084338426589966,-0.4338389854957334,1980.0,0.47000000000000003,32
28.105706930160522,-0.38895909044445065,3060.0,-0.24,32
28.105706930160522,-0.38895909044445065,3060.0,-0.24,32
28.1252121925354,-0.37399912542735636,900.0,0.67,32
28.1252121925354,-0.37399912542735636,900.0,0.67,32
28.144975185394287,-0.3291192303760736,5040.0,-0.02,32
28.144975185394287,-0.3291192303760736,5040.0,-0.02,32
28.16434383392334,-0.2991993003418851,1350.0,0.36,32
28.16434383392334,-0.2991993003418851,1350.0,0.36,32
28.184337377548218,-0.2692793703076966,3870.0,-0.02,32
28.184337377548218,-0.2692793703076966,3870.0,-0.02,32
28.20430088043213,-0.23935944027350808,2250.0,0.33,32
28.20430088043213,-0.23935944027350808,2250.0,0.33,32
28.22463345527649,-0.2243994752564138,4050.0,0.26,32
28.244386196136475,-0.2243994752564138,4050.0,0.26,32
28.244386196136475,-0.1795195802051311,2970.0,-0.29,32
28.244386196136475,-0.1795195802051311,2970.0,-0.29,32
28.26489758491516,-0.1645596151880368,3240.0,0.3,32
28.26489758491516,-0.1645596151880368,3240.0,0.3,32
28.284424543380737,-0.11967972013675404,3600.0,-0.11,32
28.284424543380737,-0.11967972013675404,3600.0,-0.11,32
28.304312705993652,-0.08975979010256555,3330.0,0.15,32
28.304312705993652,-0.08975979010256555,3330.0,0.15,32
28.32704448699951,-0.07479982508547127,2520.0,0.23,32
28.32704448699951,-0.07479982508547127,2520.0,0.23,32
28.344802379608154,-0.02991993003418851,3600.0,0.0,32
28.364686965942383,-0.02991993003418851,3600.0,0.0,32
28.364686965942383,-0.014959965017094255,2160.0,0.33,32
28.364686965942383,-0.014959965017094255,2160.0,0.33,32
28.38447618484497,0.014959965017094255,3240.0,-0.14,32
28.38447618484497,0.014959965017094255,3240.0,-0.14,32
28.405051708221436,0.04487989505128277,3600.0,-0.09,32
28.405051708221436,0.04487989505128277,3600.0,-0.09,32
28.427252054214478,0.05983986006837702,3240.0,0.3,32
28.444214344024658,0.05983986006837702,3240.0,0.3,32
28.444214344024658,0.08975979010256555,2520.0,0.31,32
28.444214344024658,0.08975979010256555,2520.0,0.31,32
28.464197397232056,0.11967972013675404,3240.0,0.21,32
28.464197397232056,0.11967972013675404,3240.0,0.21,32
28.487507581710815,0.14959965017094254,2700.0,0.28,32
28.487507581710815,0.14959965017094254,2700.0,0.28,32
28.50731372833252,0.19447954522222533,4050.0,0.07,32
28.525470495224,0.19447954522222533,1710.0,0.39,32
28.525470495224,0.19447954522222533,1710.0,0.39,32
28.525470495224,0.19447954522222533,1710.0,0.39,32
28.54446053504944,0.23935944027350808,3870.0,0.05,32
28.54446053504944,0.23935944027350808,3870.0,0.05,32
28.567864179611206,0.2543194052906023,990.0,0.58,32
28.567864179611206,0.2543194052906023,990.0,0.58,32
28.586615085601807,0.3141592653589793,5130.0,-0.06,32
28.604352474212646,0.3291192303760736,1170.0,0.49,32
28.604352474212646,0.3291192303760736,1170.0,0.49,32
28.604352474212646,0.3291192303760736,1170.0,0.49,32
28.625431299209595,0.3590391604102622,3690.0,-0.15,32
28.64530324935913,0.3590391604102622,3690.0,-0.15,32
28.64530324935913,0.38895909044445065,3330.0,0.23,32
28.64530324935913,0.38895909044445065,3330.0,0.23,32
28.666771411895752,0.4188790204786391,2160.0,0.34,32
28.666771411895752,0.4188790204786391,2160.0,0.34,32
28.684245824813843,0.4487989505128276,4050.0,0.0,32
28.684245824813843,0.4487989505128276,4050.0,0.0,32
28.70430850982666,0.4637589155299219,2520.0,0.22,32
28.724284172058105,0.4637589155299219,2520.0,0.22,32
28.724284172058105,0.4936788455641104,2700.0,0.1,32
28.724284172058105,0.4936788455641104,2700.0,0.1,32
28.746026754379272,0.5235987755982988,990.0,0.56,32
28.76446557044983,0.5235987755982988,990.0,0.56,32
28.76446557044983,0.5684786706495817,4590.0,-0.12,32
28.76446557044983,0.5684786706495817,4590.0,-0.12,32
28.790467262268066,0.583438635666676,1440.0,0.46,32
28.790467262268066,0.583438635666676,1440.0,0.46,32
28.804515600204468,0.6133585657008644,3060.0,-0.19,32
28.804515600204468,0.6133585657008644,3060.0,-0.19,32
28.828765630722046,0.6432784957350529,3060.0,-0.18,32
28.828765630722046,0.6432784957350529,3060.0,-0.18,32
28.844306707382202,0.6432784957350529,1980.0,0.46,32
28.86499261856079,0.6432784957350529,1980.0,0.46,32
28.86499261856079,0.70311835580343,4050.0,0.15,32
28.884283304214478,0.70311835580343,4050.0,0.15,32
28.884283304214478,0.70311835580343,900.0,0.47000000000000003,32
28.884283304214478,0.70311835580343,900.0,0.47000000000000003,32
28.904334783554077,0.7479982508547127,4590.0,0.07,32
28.904334783554077,0.7479982508547127,4590.0,0.07,32
28.924458265304565,0.7629582158718071,2790.0,0.14,32
28.924458265304565,0.7629582158718071,2790.0,0.14,32
28.94441843032837,0.7928781459059957,1350.0,0.44,32
28.94441843032837,0.7928781459059957,1350.0,0.44,32
28.966264486312866,0.8227980759401841,4050.0,0.2,32
28.966264486312866,0.8227980759401841,4050.0,0.2,32
28.986714363098145,0.8377580409572782,2610.0,-0.13,32
28.986714363098145,0.8377580409572782,2610.0,-0.13,32
29.005659580230713,0.8527180059743724,720.0,0.68,32
29.005659580230713,0.8527180059743724,720.0,0.68,32
29.024495124816895,0.8975979010256552,4770.0,-0.03,32
29.024495124816895,0.8975979010256552,4770.0,-0.03,32
29.047932386398315,0.8975979010256552,1080.0,0.56,32
29.064738750457764,0.8975979010256552,1080.0,0.56,32
29.064738750457764,0.9424777960769382,3150.0,-0.15,32
29.064738750457764,0.9424777960769382,3150.0,-0.15,32
29.089616060256958,0.9574377610940323,3240.0,0.04,32
29.089616060256958,0.9574377610940323,3240.0,0.04,32
29.104212999343872,0.9873576911282208,1440.0,0.33,32
29.104212999343872,0.9873576911282208,1440.0,0.33,32
29.124171018600464,1.002317656145315,3600.0,0.03,32
29.124171018600464,1.002317656145315,3600.0,0.03,32
29.144229888916016,1.0172776211624093,990.0,0.36,32
29.144229888916016,1.0172776211624093,990.0,0.36,32
29.164484977722168,1.0471975511965976,3780.0,0.08,32
29.164484977722168,1.0471975511965976,3780.0,0.08,32
29.18621039390564,1.062157516213692,1170.0,-0.32,32
29.18621039390564,1.062157516213692,1170.0,-0.32,32
29.20433807373047,1.0920774462478806,2790.0,-0.21,32
29.20433807373047,1.0920774462478806,2790.0,-0.21,32
29.225297689437866,1.107037411264975,2250.0,0.28,32
29.225297689437866,1.107037411264975,2250.0,0.28,32
29.24552822113037,1.121997376282069,2430.0,-0.23,32
29.24552822113037,1.121997376282069,2430.0,-0.23,32
29.264453172683716,1.1369573412991634,1260.0,0.43,32
29.28522491455078,1.1369573412991634,1260.0,0.43,32
29.28522491455078,1.166877271333352,2520.0,-0.09,32
29.28522491455078,1.166877271333352,2520.0,-0.09,32
29.304611682891846,1.166877271333352,540.0,0.46,32
29.304611682891846,1.166877271333352,540.0,0.46,32
29.324393272399902,1.1967972013675403,2700.0,-0.02,32
29.324393272399902,1.1967972013675403,2700.0,-0.02,32
29.344910144805908,1.2117571663846345,540.0,-0.23,32
29.344910144805908,1.2117571663846345,540.0,-0.23,32
29.364342212677002,1.2416770964188233,3060.0,0.06,32
29.364342212677002,1.2416770964188233,3060.0,0.06,32
29.386480808258057,1.2416770964188233,630.0,0.39,32
29.386480808258057,1.2416770964188233,630.0,0.39,32
29.405314683914185,1.2715970264530116,3240.0,-0.07,32
29.405314683914185,1.2715970264530116,3240.0,-0.07,32
29.425406455993652,1.2715970264530116,450.0,-0.29,32
29.425406455993652,1.2715970264530116,450.0,-0.29,32
29.44422435760498,1.2865569914701058,990.0,0.36,32
29.44422435760498,1.2865569914701058,990.0,0.36,32
29.46468210220337,1.3015169564872002,1260.0,-0.27,32
29.46468210220337,1.3015169564872002,1260.0,-0.27,32
29.486414909362793,1.3164769215042944,990.0,-0.29,32
29.486414909362793,1.3164769215042944,990.0,-0.29,32
29.505870819091797,1.3314368865213886,1260.0,0.25,32
29.505870819091797,1.3314368865213886,1260.0,0.25,32
29.524853706359863,1.3463968515384828,180.0,-0.37,32
29.524853706359863,1.3463968515384828,180.0,-0.37,32
29.544551610946655,1.3463968515384828,630.0,0.51,32
29.544551610946655,1.3463968515384828,630.0,0.51,32
29.565714836120605,1.3763167815726716,2070.0,-0.04,32
29.565714836120605,1.3763167815726716,2070.0,-0.04,32
29.58549165725708,1.3763167815726716,450.0,-0.19,32
29.58549165725708,1.3763167815726716,450.0,-0.19,32
29.605154752731323,1.3912767465897655,180.0,0.42,32
29.605154752731323,1.3912767465897655,180.0,0.42,32
29.624414205551147,1.3912767465897655,450.0,0.55,32
29.624414205551147,1.3912767465897655,450.0,0.55,32
29.644381761550903,1.40623671160686,2250.0,-0.26,32
29.644381761550903,1.40623671160686,2250.0,-0.26,32
29.66508913040161,1.40623671160686,270.0,0.51,32
29.66508913040161,1.40623671160686,270.0,0.51,32
29.685407400131226,1.421196676623954,2700.0,-0.06,32
29.685407400131226,1.421196676623954,2700.0,-0.06,32
29.704381465911865,1.4361566416410487,180.0,-0.34,32
29.704381465911865,1.4361566416410487,180.0,-0.34,32
29.725878715515137,1.4361566416410487,720.0,0.34,32
29.725878715515137,1.4361566416410487,720.0,0.34,32
29.74434185028076,1.451116606658143,90.0,-0.21,32
29.74434185028076,1.451116606658143,90.0,-0.21,32
29.766897678375244,1.451116606658143,0.0,-0.27,32
29.766897678375244,1.451116606658143,0.0,-0.27,32
29.785021781921387,1.451116606658143,90.0,0.38,32
29.785021781921387,1.451116606658143,90.0,0.38,32
29.804452657699585,1.451116606658143,450.0,0.39,32
29.804452657699585,1.451116606658143,450.0,0.39,32
29.824294090270996,1.4660765716752369,1440.0,-0.04,32
29.824294090270996,1.4660765716752369,1440.0,-0.04,32
29.844493627548218,1.4660765716752369,0.0,-0.13,32
29.86466336250305,1.4660765716752369,0.0,-0.13,32
29.86466336250305,1.4660765716752369,0.0,-0.2,32
29.86466336250305,1.4660765716752369,0.0,-0.2,32
29.884697914123535,1.4660765716752369,0.0,-0.2,32
29.884697914123535,1.4660765716752369,0.0,-0.2,32
29.904764413833618,1.4660765716752369,0.0,-0.23,32
29.904764413833618,1.4660765716752369,0.0,-0.23,32
29.92502522468567,1.4660765716752369,0.0,-0.26,32
29.92502522468567,1.4660765716752369,0.0,-0.26,32
29.945191383361816,1.4660765716752369,0.0,-0.26,32
29.964894771575928,1.4660765716752369,0.0,-0.26,32
29.964894771575928,1.4660765716752369,0.0,-0.29,32
29.964894771575928,1.4660765716752369,0.0,-0.29,32
29.984331846237183,1.4660765716752369,0.0,-0.25,32
29.984331846237183,1.4660765716752369,0.0,-0.25,32
30.0043625831604,1.4660765716752369,0.0,-0.19,32
30.0043625831604,1.4660765716752369,0.0,-0.19,32
30.025131464004517,1.4660765716752369,0.0,-0.15,32
30.025131464004517,1.4660765716752369,0.0,-0.15,32
30.04741382598877,1.4660765716752369,-90.0,-0.1,32
30.04741382598877,1.4660765716752369,-90.0,-0.1,32
30.064666032791138,1.4660765716752369,-90.0,-0.02,32
30.064666032791138,1.4660765716752369,-90.0,-0.02,32
30.084887981414795,1.4660765716752369,-90.0,-0.11,32
30.084887981414795,1.4660765716752369,-90.0,-0.11,32
30.10489535331726,1.4660765716752369,-180.0,-0.23,32
30.10489535331726,1.4660765716752369,-180.0,-0.23,32
30.125972032546997,1.4660765716752369,-180.0,-0.36,32
30.125972032546997,1.4660765716752369,-180.0,-0.36,32
30.14505696296692,1.4660765716752369,-450.0,0.43,32
30.14505696296692,1.4660765716752369,-450.0,0.43,32
30.16773009300232,1.4361566416410487,-1080.0,-0.22,32
30.16773009300232,1.4361566416410487,-1080.0,-0.22,32
30.1849148273468,1.451116606658143,0.0,0.37,32
30.20435667037964,1.451116606658143,0.0,0.37,32
30.20435667037964,1.4361566416410487,-360.0,0.48,32
30.20435667037964,1.4361566416410487,-360.0,0.48,32
30.224323511123657,1.421196676623954,-2700.0,-0.02,32
30.224323511123657,1.421196676623954,-2700.0,-0.02,32
30.24479913711548,1.40623671160686,-1980.0,0.2,32
30.24479913711548,1.40623671160686,-1980.0,0.2,32
30.264395475387573,1.40623671160686,-270.0,-0.15,32
30.284772634506226,1.3912767465897655,-450.0,0.36,32
30.284772634506226,1.3912767465897655,-450.0,0.36,32
30.304893970489502,1.3763167815726716,-2700.0,0.01,32
30.304893970489502,1.3763167815726716,-2700.0,0.01,32
30.304893970489502,1.3763167815726716,-2700.0,0.01,32
30.325809478759766,1.3763167815726716,-360.0,0.38,32
30.325809478759766,1.3763167815726716,-360.0,0.38,32
30.345117568969727,1.3613568165555772,-1530.0,0.3,32
30.345117568969727,1.3613568165555772,-1530.0,0.3,32
30.365385055541992,1.3314368865213886,-2430.0,0.12,32
30.365385055541992,1.3314368865213886,-2430.0,0.12,32
30.38451647758484,1.3314368865213886,-450.0,-0.28,32
30.38451647758484,1.3314368865213886,-450.0,-0.28,32
30.40462303161621,1.3314368865213886,-450.0,0.53,32
30.40462303161621,1.3314368865213886,-450.0,0.53,32
30.425079345703125,1.3015169564872002,-3330.0,-0.1,32
30.425079345703125,1.3015169564872002,-3330.0,-0.1,32
30.445752382278442,1.3015169564872002,-450.0,-0.25,32
30.445752382278442,1.3015169564872002,-450.0,-0.25,32
30.464743614196777,1.2865569914701058,-540.0,0.5,32
30.464743614196777,1.2865569914701058,-540.0,0.5,32
30.485332489013672,1.2566370614359172,-3060.0,0.03,32
30.50444793701172,1.2566370614359172,-3060.0,0.03,32
30.50444793701172,1.2566370614359172,-630.0,-0.32,32
30.50444793701172,1.2566370614359172,-630.0,-0.32,32
30.52483057975769,1.2416770964188233,-2340.0,0.18,32
30.52483057975769,1.2416770964188233,-2340.0,0.18,32
30.54488706588745,1.2267171314017289,-630.0,0.47000000000000003,32
30.54488706588745,1.2267171314017289,-630.0,0.47000000000000003,32
30.564636945724487,1.1967972013675403,-1710.0,0.36,32
30.564636945724487,1.1967972013675403,-1710.0,0.36,32
30.584166049957275,1.181837236350446,-720.0,0.46,32
30.584166049957275,1.181837236350446,-720.0,0.46,32
30.604182243347168,1.166877271333352,-1980.0,0.33,32
30.624504804611206,1.166877271333352,-1980.0,0.33,32
30.624504804611206,1.1369573412991634,-1530.0,-0.27,32
30.624504804611206,1.1369573412991634,-1530.0,-0.27,32
30.646754503250122,1.1369573412991634,-1350.0,0.4,32
30.646754503250122,1.1369573412991634,-1350.0,0.4,32
30.664204120635986,1.0920774462478806,-3150.0,0.05,32
30.664204120635986,1.0920774462478806,-3150.0,0.05,32
30.684212923049927,1.0920774462478806,-1080.0,0.37,32
30.684212923049927,1.0920774462478806,-1080.0,0.37,32
30.705158710479736,1.0771174812307864,-1080.0,0.44,32
30.705158710479736,1.0771174812307864,-1080.0,0.44,32
30.725379943847656,1.0471975511965976,-3240.0,-0.08,32
30.725379943847656,1.0471975511965976,-3240.0,-0.08,32
30.744193077087402,1.0322375861795037,-720.0,0.52,32
30.744193077087402,1.0322375861795037,-720.0,0.52,32
30.764195442199707,1.002317656145315,-4410.0,0.03,32
30.764195442199707,1.002317656145315,-4410.0,0.03,32
30.784209966659546,0.9873576911282208,-900.0,0.5700000000000001,32
30.784209966659546,0.9873576911282208,-900.0,0.5700000000000001,32
30.804202795028687,0.9574377610940323,-4320.0,0.06,32
30.804202795028687,0.9574377610940323,-4320.0,0.06,32
30.824580669403076,0.9424777960769382,-990.0,0.52,32
30.824580669403076,0.9424777960769382,-990.0,0.52,32
30.845267295837402,0.9125578660427495,-3600.0,-0.05,32
30.845267295837402,0.9125578660427495,-3600.0,-0.05,32
30.866395711898804,0.882637936008561,-2970.0,0.03,32
30.88436794281006,0.882637936008561,-2970.0,0.03,32
30.88436794281006,0.8676779709914668,-2880.0,-0.12,32
30.90422558784485,0.8676779709914668,-2880.0,-0.12,32
30.90422558784485,0.8377580409572782,-3060.0,-0.12,32
30.90422558784485,0.8377580409572782,-3060.0,-0.12,32
30.92730951309204,0.8227980759401841,-2700.0,-0.22,32
30.944347143173218,0.8227980759401841,-2700.0,-0.22,32
30.944347143173218,0.7928781459059957,-2520.0,0.22,32
30.944347143173218,0.7928781459059957,-2520.0,0.22,32
30.964935779571533,0.7779181808889013,-810.0,0.5700000000000001,32
30.964935779571533,0.7779181808889013,-810.0,0.5700000000000001,32
30.984362840652466,0.7330382858376184,-4590.0,0.02,32
31.00427484512329,0.7330382858376184,-4590.0,0.02,32
31.00427484512329,0.7330382858376184,-1440.0,0.49,32
31.024527072906494,0.7330382858376184,-1440.0,0.49,32
31.024527072906494,0.6881583907863358,-2430.0,-0.43,32
31.024527072906494,0.6881583907863358,-2430.0,-0.43,32
31.046391010284424,0.6731984257692414,-3870.0,0.23,32
31.046391010284424,0.6731984257692414,-3870.0,0.23,32
31.065316438674927,0.6283185307179586,-3420.0,-0.06,32
31.085289478302002,0.6283185307179586,-3420.0,-0.06,32
31.085289478302002,0.6283185307179586,-1350.0,0.53,32
31.104492664337158,0.6283185307179586,-1350.0,0.53,32
31.104492664337158,0.583438635666676,-3690.0,-0.15,32
31.104492664337158,0.583438635666676,-3690.0,-0.15,32
31.1249361038208,0.5684786706495817,-1710.0,0.4,32
31.144336700439453,0.5684786706495817,-1710.0,0.4,32
31.144336700439453,0.5235987755982988,-3690.0,0.06,32
31.144336700439453,0.5235987755982988,-3690.0,0.06,32
31.164392471313477,0.4936788455641104,-3150.0,-0.23,32
31.164392471313477,0.4936788455641104,-3150.0,-0.23,32
31.18462300300598,0.47871888054701617,-1620.0,0.5,32
31.18462300300598,0.47871888054701617,-1620.0,0.5,32
31.20998477935791,0.4487989505128276,-4500.0,0.06,32
31.20998477935791,0.4487989505128276,-4500.0,0.06,32
31.22540283203125,0.4188790204786391,-2790.0,0.26,32
31.22540283203125,0.4188790204786391,-2790.0,0.26,32
31.24421453475952,0.38895909044445065,-2700.0,0.25,32
31.24421453475952,0.38895909044445065,-2700.0,0.25,32
31.264237880706787,0.3590391604102622,-3150.0,0.02,32
31.264237880706787,0.3590391604102622,-3150.0,0.02,32
31.286138772964478,0.3291192303760736,-3420.0,-0.09,32
31.286138772964478,0.3291192303760736,-3420.0,-0.09,32
31.308014631271362,0.2991993003418851,-2970.0,0.27,32
31.308014631271362,0.2991993003418851,-2970.0,0.27,32
31.324445009231567,0.28423933532479084,-2070.0,0.38,32
31.324445009231567,0.28423933532479084,-2070.0,0.38,32
31.344242811203003,0.23935944027350808,-3690.0,-0.2,32
31.344242811203003,0.23935944027350808,-3690.0,-0.2,32
31.36510396003723,0.2243994752564138,-2610.0,0.26,32
31.384891748428345,0.2243994752564138,-2610.0,0.26,32
31.384891748428345,0.1795195802051311,-3420.0,-0.12,32
31.384891748428345,0.1795195802051311,-3420.0,-0.12,32
31.404876470565796,0.1645596151880368,-1800.0,0.56,32
31.404876470565796,0.1645596151880368,-1800.0,0.56,32
31.425665378570557,0.11967972013675404,-4410.0,0.0,32
31.44641613960266,0.11967972013675404,-4410.0,0.0,32
31.44641613960266,0.08975979010256555,-3330.0,-0.02,32
31.44641613960266,0.08975979010256555,-3330.0,-0.02,32
31.466684103012085,0.07479982508547127,-3510.0,0.16,32
31.466684103012085,0.07479982508547127,-3510.0,0.16,32
31.485867261886597,0.04487989505128277,-1710.0,0.38,32
31.485867261886597,0.04487989505128277,-1710.0,0.38,32
31.50643491744995,0.014959965017094255,-3600.0,0.18,32
31.50643491744995,0.014959965017094255,-3600.0,0.18,32
31.524399995803833,0.0,-2160.0,0.37,32
31.524399995803833,0.0,-2160.0,0.37,32
31.54448914527893,-0.04487989505128277,-4320.0,-0.06,32
31.54448914527893,-0.04487989505128277,-4320.0,-0.06,32
31.56477999687195,-0.05983986006837702,-3060.0,0.24,32
31.56477999687195,-0.05983986006837702,-3060.0,0.24,32
31.588176012039185,-0.08975979010256555,-3240.0,0.11,32
31.588176012039185,-0.08975979010256555,-3240.0,0.11,32
31.604565858840942,-0.11967972013675404,-2070.0,0.32,32
31.624576568603516,-0.11967972013675404,-2070.0,0.32,32
31.624576568603516,-0.14959965017094254,-2520.0,0.31,32
31.644220113754272,-0.14959965017094254,-2520.0,0.31,32
31.644220113754272,-0.1795195802051311,-4500.0,-0.01,32
31.664817333221436,-0.1795195802051311,-4500.0,-0.01,32
31.664817333221436,-0.20943951023931956,-2340.0,0.25,32
31.664817333221436,-0.20943951023931956,-2340.0,0.25,32
31.68656277656555,-0.23935944027350808,-3510.0,-0.09,32
31.68656277656555,-0.23935944027350808,-3510.0,-0.09,32
31.704230070114136,-0.2543194052906023,-810.0,0.64,32
31.704230070114136,-0.2543194052906023,-810.0,0.64,32
31.724357843399048,-0.2991993003418851,-4860.0,-0.15,32
31.724357843399048,-0.2991993003418851,-4860.0,-0.15,32
31.74429178237915,-0.3141592653589793,-1350.0,0.54,32
31.74429178237915,-0.3141592653589793,-1350.0,0.54,32
31.764670610427856,-0.3590391604102622,-4500.0,0.04,32
31.764670610427856,-0.3590391604102622,-4500.0,0.04,32
31.787726879119873,-0.38895909044445065,-2250.0,-0.26,32
31.787726879119873,-0.38895909044445065,-2250.0,-0.26,32
31.8050594329834,-0.4039190554615449,-2610.0,0.3,32
31.8050594329834,-0.4039190554615449,-2610.0,0.3,32
31.824299335479736,-0.4487989505128276,-3510.0,-0.02,32
31.824299335479736,-0.4487989505128276,-3510.0,-0.02,32
31.844208478927612,-0.4637589155299219,-1620.0,0.53,32
31.864320278167725,-0.4637589155299219,-1620.0,0.53,32
31.864320278167725,-0.5086388105812046,-4320.0,0.0,32
31.864320278167725,-0.5086388105812046,-4320.0,0.0,32
31.88444948196411,-0.5235987755982988,-1350.0,0.46,32
31.905202627182007,-0.5235987755982988,-1350.0,0.46,32
31.905202627182007,-0.5535187056324875,-2970.0,-0.32,32
31.92440152168274,-0.5535187056324875,-2970.0,-0.32,32
31.92440152168274,-0.5684786706495817,-3150.0,0.29,32
31.944416522979736,-0.5684786706495817,-3150.0,0.29,32
31.944416522979736,-0.6133585657008644,-2340.0,0.3,32
31.944416522979736,-0.6133585657008644,-2340.0,0.3,32
31.96644425392151,-0.6432784957350529,-3600.0,-0.08,32
31.96644425392151,-0.6432784957350529,-3600.0,-0.08,32
31.9860520362854,-0.6582384607521472,-2700.0,0.17,32
31.9860520362854,-0.6582384607521472,-2700.0,0.17,32
32.00690007209778,-0.6881583907863358,-2610.0,-0.13,32
32.00690007209778,-0.6881583907863358,-2610.0,-0.13,32
32.025933265686035,-0.70311835580343,-630.0,0.55,32
32.025933265686035,-0.70311835580343,-630.0,0.55,32
32.046608686447144,-0.7330382858376184,-4770.0,0.01,32
32.046608686447144,-0.7330382858376184,-4770.0,0.01,32
32.064939975738525,-0.7629582158718071,-2610.0,-0.23,32
32.064939975738525,-0.7629582158718071,-2610.0,-0.23,32
32.08679914474487,-0.7928781459059957,-3420.0,-0.25,32
32.08679914474487,-0.7928781459059957,-3420.0,-0.25,32
32.10443377494812,-0.8078381109230898,-1890.0,0.38,32
32.12476873397827,-0.8078381109230898,-1890.0,0.38,32
32.12476873397827,-0.8377580409572782,-1890.0,0.37,32
32.146666288375854,-0.8377580409572782,-1890.0,0.37,32
32.146666288375854,-0.8527180059743724,-1080.0,0.53,32
32.146666288375854,-0.8527180059743724,-1080.0,0.53,32
32.16463756561279,-0.8975979010256552,-4500.0,0.05,32
32.16463756561279,-0.8975979010256552,-4500.0,0.05,32
32.186681270599365,-0.8975979010256552,-990.0,0.45,32
32.206732511520386,-0.8975979010256552,-990.0,0.45,32
32.206732511520386,-0.9424777960769382,-3330.0,-0.14,32
32.206732511520386,-0.9424777960769382,-3330.0,-0.14,32
32.22502946853638,-0.9424777960769382,-1800.0,0.31,32
32.22502946853638,-0.9424777960769382,-1800.0,0.31,32
32.24482011795044,-0.9873576911282208,-2520.0,-0.25,32
32.24482011795044,-0.9873576911282208,-2520.0,-0.25,32
32.26425909996033,-1.002317656145315,-2970.0,0.12,32
32.26425909996033,-1.002317656145315,-2970.0,0.12,32
32.284374475479126,-1.0172776211624093,-1530.0,-0.34,32
32.284374475479126,-1.0172776211624093,-1530.0,-0.34,32
32.30502939224243,-1.0471975511965976,-3510.0,0.16,32
32.30502939224243,-1.0471975511965976,-3510.0,0.16,32
32.324392557144165,-1.062157516213692,-1890.0,-0.31,32
32.324392557144165,-1.062157516213692,-1890.0,-0.31,32
32.34428143501282,-1.0771174812307864,-2970.0,0.12,32
32.34428143501282,-1.0771174812307864,-2970.0,0.12,32
32.3643114566803,-1.107037411264975,-2700.0,-0.13,32
32.3643114566803,-1.107037411264975,-2700.0,-0.13,32
32.38492226600647,-1.121997376282069,-1080.0,0.44,32
32.38492226600647,-1.121997376282069,-1080.0,0.44,32
32.405378580093384,-1.1519173063162578,-3060.0,-0.04,32
32.405378580093384,-1.1519173063162578,-3060.0,-0.04,32
32.425100564956665,-1.1519173063162578,-630.0,0.46,32
32.425100564956665,-1.1519173063162578,-630.0,0.46,32
32.44424080848694,-1.181837236350446,-3600.0,-0.02,32
32.44424080848694,-1.181837236350446,-3600.0,-0.02,32
32.464911460876465,-1.1967972013675403,-540.0,0.31,32
32.464911460876465,-1.1967972013675403,-540.0,0.31,32
32.48484134674072,-1.2117571663846345,-1620.0,0.31,32
32.50544333457947,-1.2117571663846345,-1620.0,0.31,32
32.50544333457947,-1.2416770964188233,-2160.0,-0.21,32
32.524492025375366,-1.2416770964188233,-2160.0,-0.21,32
32.524492025375366,-1.2416770964188233,-450.0,0.52,32
32.524492025375366,-1.2416770964188233,-450.0,0.52,32
32.54432916641235,-1.2566370614359172,-3600.0,-0.08,32
32.54432916641235,-1.2566370614359172,-3600.0,-0.08,32
32.56615591049194,-1.2715970264530116,-360.0,-0.27,32
32.56615591049194,-1.2715970264530116,-360.0,-0.27,32
32.58640718460083,-1.2865569914701058,-1260.0,0.4,32
32.58640718460083,-1.2865569914701058,-1260.0,0.4,32
32.60420799255371,-1.3015169564872002,-180.0,0.48,32
32.62708306312561,-1.3015169564872002,-180.0,0.48,32
32.62708306312561,-1.3164769215042944,-2340.0,0.2,32
32.62708306312561,-1.3164769215042944,-2340.0,0.2,32
32.64480471611023,-1.3463968515384828,-2250.0,-0.08,32
32.64480471611023,-1.3463968515384828,-2250.0,-0.08,32
32.66444969177246,-1.3463968515384828,-270.0,0.44,32
32.66444969177246,-1.3463968515384828,-270.0,0.44,32
32.68460750579834,-1.3463968515384828,-450.0,0.64,32
32.68460750579834,-1.3463968515384828,-450.0,0.64,32
32.70425343513489,-1.3763167815726716,-3330.0,-0.14,32
32.70425343513489,-1.3763167815726716,-3330.0,-0.14,32
32.72556257247925,-1.3763167815726716,-360.0,-0.13,32
32.72556257247925,-1.3763167815726716,-360.0,-0.13,32
32.744221210479736,-1.3912767465897655,-180.0,0.33,32
32.744221210479736,-1.3912767465897655,-180.0,0.33,32
32.76639986038208,-1.3912767465897655,-540.0,0.45,32
32.76639986038208,-1.3912767465897655,-540.0,0.45,32
32.78571367263794,-1.40623671160686,-1710.0,-0.14,32
32.78571367263794,-1.40623671160686,-1710.0,-0.14,32
32.80447006225586,-1.421196676623954,-720.0,-0.2,32
32.80447006225586,-1.421196676623954,-720.0,-0.2,32
32.82417011260986,-1.421196676623954,-180.0,-0.12,32
32.82417011260986,-1.421196676623954,-180.0,-0.12,32
32.844417572021484,-1.4361566416410487,-270.0,-0.26,32
32.844417572021484,-1.4361566416410487,-270.0,-0.26,32
32.86482000350952,-1.4361566416410487,-450.0,0.37,32
32.86482000350952,-1.4361566416410487,-450.0,0.37,32
32.88527035713196,-1.451116606658143,-1170.0,-0.11,32
32.88527035713196,-1.451116606658143,-1170.0,-0.11,32
32.90430188179016,-1.451116606658143,-90.0,-0.21,32
32.90430188179016,-1.451116606658143,-90.0,-0.21,32
32.924219608306885,-1.451116606658143,-90.0,0.32,32
32.924219608306885,-1.451116606658143,-90.0,0.32,32
32.94421601295471,-1.451116606658143,-180.0,0.38,32
32.9648802280426,-1.451116606658143,-180.0,0.38,32
32.9648802280426,-1.451116606658143,-450.0,0.4,32
32.9648802280426,-1.451116606658143,-450.0,0.4,32
32.9845712184906,-1.4660765716752369,-360.0,-0.2,32
32.9845712184906,-1.4660765716752369,-360.0,-0.2,32
33.005549907684326,-1.4660765716752369,90.0,-0.23,32
33.005549907684326,-1.4660765716752369,90.0,-0.23,32
33.0254852771759,-1.4660765716752369,0.0,-0.28,32
33.0254852771759,-1.4660765716752369,0.0,-0.28,32
33.04428744316101,-1.4660765716752369,0.0,-0.33,32
33.04428744316101,-1.4660765716752369,0.0,-0.33,32
33.06432604789734,-1.4660765716752369,0.0,0.35000000000000003,32
33.06432604789734,-1.4660765716752369,0.0,0.35000000000000003,32
33.08581733703613,-1.4660765716752369,0.0,0.36,32
33.08581733703613,-1.4660765716752369,0.0,0.36,32
33.10562229156494,-1.4660765716752369,0.0,0.38,32
33.10562229156494,-1.4660765716752369,0.0,0.38,32
33.126940965652466,-1.4660765716752369,-90.0,-0.36,32
33.144638776779175,-1.4660765716752369,-90.0,-0.36,32
33.144638776779175,-1.4660765716752369,0.0,-0.33,32
33.144638776779175,-1.4660765716752369,0.0,-0.33,32
33.16410422325134,-1.4660765716752369,0.0,-0.26,32
33.16410422325134,-1.4660765716752369,0.0,-0.26,32
33.184975147247314,-1.4660765716752369,0.0,-0.18,32
33.184975147247314,-1.4660765716752369,0.0,-0.18,32
33.20484972000122,-1.4660765716752369,0.0,-0.09,32
33.22818064689636,-1.4660765716752369,0.0,-0.09,32
33.22818064689636,-1.4660765716752369,90.0,0.0,32
33.22818064689636,-1.4660765716752369,90.0,0.0,32
33.24424934387207,-1.4660765716752369,0.0,-0.14,32
33.24424934387207,-1.4660765716752369,0.0,-0.14,32
33.26600623130798,-1.4660765716752369,180.0,-0.29,32
33.26600623130798,-1.4660765716752369,180.0,-0.29,32
33.285059452056885,-1.4660765716752369,450.0,-0.35000000000000003,32
33.285059452056885,-1.4660765716752369,450.0,-0.35000000000000003,32
33.30636787414551,-1.451116606658143,450.0,-0.23,32
33.30636787414551,-1.451116606658143,450.0,-0.23,32
33.329092264175415,-1.451116606658143,90.0,-0.35000000000000003,32
33.329092264175415,-1.451116606658143,90.0,-0.35000000000000003,32
33.34434628486633,-1.4361566416410487,360.0,0.56,32
33.34434628486633,-1.4361566416410487,360.0,0.56,32
33.36455941200256,-1.421196676623954,2430.0,0.23,32
33.385276079177856,-1.421196676623954,2430.0,0.23,32
33.385276079177856,-1.421196676623954,90.0,0.43,32
33.385276079177856,-1.421196676623954,90.0,0.43,32
33.40649771690369,-1.40623671160686,2610.0,-0.08,32
33.42635941505432,-1.40623671160686,2610.0,-0.08,32
33.42635941505432,-1.40623671160686,360.0,0.45,32
33.42635941505432,-1.40623671160686,360.0,0.45,32
33.44924306869507,-1.3763167815726716,2430.0,-0.06,32
33.44924306869507,-1.3763167815726716,2430.0,-0.06,32
33.46474814414978,-1.3763167815726716,270.0,0.41000000000000003,32
33.46474814414978,-1.3763167815726716,270.0,0.41000000000000003,32
33.48414611816406,-1.3613568165555772,2610.0,0.06,32
33.50605773925781,-1.3613568165555772,2610.0,0.06,32
33.50605773925781,-1.3314368865213886,1980.0,0.04,32
33.50605773925781,-1.3314368865213886,1980.0,0.04,32
33.52434945106506,-1.3314368865213886,180.0,-0.27,32
33.52434945106506,-1.3314368865213886,180.0,-0.27,32
33.545586347579956,-1.3314368865213886,540.0,0.49,32
33.545586347579956,-1.3314368865213886,540.0,0.49,32
33.565459966659546,-1.3015169564872002,2970.0,0.0,32
33.565459966659546,-1.3015169564872002,2970.0,0.0,32
33.58524203300476,-1.3015169564872002,540.0,-0.24,32
33.58524203300476,-1.3015169564872002,540.0,-0.24,32
33.604190826416016,-1.2865569914701058,630.0,0.48,32
33.604190826416016,-1.2865569914701058,630.0,0.48,32
33.6258487701416,-1.2715970264530116,2880.0,-0.21,32
33.6258487701416,-1.2715970264530116,2880.0,-0.21,32
33.645182847976685,-1.2566370614359172,630.0,-0.33,32
33.645182847976685,-1.2566370614359172,630.0,-0.33,32
33.66426491737366,-1.2416770964188233,1800.0,0.26,32
33.66426491737366,-1.2416770964188233,1800.0,0.26,32
33.684367179870605,-1.2117571663846345,2610.0,0.0,32
33.684367179870605,-1.2117571663846345,2610.0,0.0,32
33.704288959503174,-1.2117571663846345,540.0,0.46,32
33.704288959503174,-1.2117571663846345,540.0,0.46,32
33.72509789466858,-1.181837236350446,2430.0,-0.31,32
33.745487213134766,-1.181837236350446,2430.0,-0.31,32
33.745487213134766,-1.166877271333352,2430.0,0.21,32
33.76476192474365,-1.166877271333352,2430.0,0.21,32
33.76476192474365,-1.1369573412991634,1350.0,-0.33,32
33.76476192474365,-1.1369573412991634,1350.0,-0.33,32
33.7851288318634,-1.1369573412991634,630.0,0.66,32
33.7851288318634,-1.1369573412991634,630.0,0.66,32
33.80495476722717,-1.107037411264975,4140.0,0.03,32
33.80495476722717,-1.107037411264975,4140.0,0.03,32
33.824665546417236,-1.0920774462478806,900.0,0.37,32
33.824665546417236,-1.0920774462478806,900.0,0.37,32
33.844658613204956,-1.062157516213692,1980.0,0.14,32
33.844658613204956,-1.062157516213692,1980.0,0.14,32
33.86455726623535,-1.062157516213692,630.0,0.47000000000000003,32
33.86455726623535,-1.062157516213692,630.0,0.47000000000000003,32
33.88645100593567,-1.0172776211624093,3330.0,-0.09,32
33.90435457229614,-1.0172776211624093,3330.0,-0.09,32
33.90435457229614,-1.0172776211624093,630.0,0.45,32
33.90435457229614,-1.0172776211624093,630.0,0.45,32
33.9244179725647,-0.9873576911282208,3330.0,-0.1,32
33.9244179725647,-0.9873576911282208,3330.0,-0.1,32
33.94450807571411,-0.9723977261111265,630.0,0.53,32
33.94450807571411,-0.9723977261111265,630.0,0.53,32
33.96764636039734,-0.9275178310598438,4230.0,0.0,32
33.96764636039734,-0.9275178310598438,4230.0,0.0,32
33.9859733581543,-0.9275178310598438,990.0,0.59,32
33.9859733581543,-0.9275178310598438,990.0,0.59,32
34.00603127479553,-0.882637936008561,4680.0,-0.02,32
34.00603127479553,-0.882637936008561,4680.0,-0.02,32
34.02426099777222,-0.882637936008561,1080.0,0.6,32
34.02426099777222,-0.882637936008561,1080.0,0.6,32
34.04636764526367,-0.8377580409572782,3780.0,-0.09,32
34.04636764526367,-0.8377580409572782,3780.0,-0.09,32
34.06430125236511,-0.8227980759401841,1800.0,0.26,32
34.06430125236511,-0.8227980759401841,1800.0,0.26,32
34.084977865219116,-0.7928781459059957,3510.0,0.19,32
34.084977865219116,-0.7928781459059957,3510.0,0.19,32
34.10457968711853,-0.7779181808889013,1170.0,0.44,32
34.10457968711853,-0.7779181808889013,1170.0,0.44,32
34.12446141242981,-0.7479982508547127,4230.0,0.03,32
34.12446141242981,-0.7479982508547127,4230.0,0.03,32
34.14952898025513,-0.7330382858376184,1620.0,0.37,32
34.16488289833069,-0.7330382858376184,1620.0,0.37,32
34.16488289833069,-0.6881583907863358,2340.0,-0.37,32
34.16488289833069,-0.6881583907863358,2340.0,-0.37,32
34.18509531021118,-0.6731984257692414,3330.0,0.28,32
34.18509531021118,-0.6731984257692414,3330.0,0.28,32
34.20409917831421,-0.6432784957350529,2880.0,0.15,32
34.20409917831421,-0.6432784957350529,2880.0,0.15,32
34.22490882873535,-0.6283185307179586,810.0,0.64,32
34.22490882873535,-0.6283185307179586,810.0,0.64,32
34.24481129646301,-0.583438635666676,4950.0,0.0,32
34.24481129646301,-0.583438635666676,4950.0,0.0,32
34.26424980163574,-0.5684786706495817,1260.0,0.36,32
34.26424980163574,-0.5684786706495817,1260.0,0.36,32
34.29089426994324,-0.5385587406153932,3240.0,0.05,32
34.29089426994324,-0.5385587406153932,3240.0,0.05,32
34.30423951148987,-0.5235987755982988,1530.0,0.47000000000000003,32
34.30423951148987,-0.5235987755982988,1530.0,0.47000000000000003,32
34.32430148124695,-0.47871888054701617,3420.0,-0.23,32
34.32430148124695,-0.47871888054701617,3420.0,-0.23,32
34.34444785118103,-0.4487989505128276,3060.0,-0.1,32
34.34444785118103,-0.4487989505128276,3060.0,-0.1,32
34.364137411117554,-0.4338389854957334,1260.0,0.55,32
34.364137411117554,-0.4338389854957334,1260.0,0.55,32
34.384167194366455,-0.38895909044445065,3510.0,-0.26,32
34.384167194366455,-0.38895909044445065,3510.0,-0.26,32
34.40443205833435,-0.37399912542735636,1530.0,0.5,32
34.40443205833435,-0.37399912542735636,1530.0,0.5,32
34.424259662628174,-0.3291192303760736,4860.0,0.0,32
34.424259662628174,-0.3291192303760736,4860.0,0.0,32
34.444438457489014,-0.2991993003418851,2250.0,0.25,32
34.444438457489014,-0.2991993003418851,2250.0,0.25,32
34.46430850028992,-0.28423933532479084,2610.0,0.25,32
34.46430850028992,-0.28423933532479084,2610.0,0.25,32
34.48497986793518,-0.23935944027350808,3330.0,-0.14,32
34.48497986793518,-0.23935944027350808,3330.0,-0.14,32
34.50464391708374,-0.2243994752564138,2790.0,0.29,32
34.50464391708374,-0.2243994752564138,2790.0,0.29,32
34.52484726905823,-0.1795195802051311,4320.0,-0.05,32
34.52484726905823,-0.1795195802051311,4320.0,-0.05,32
34.5441460609436,-0.1645596151880368,1890.0,0.55,32
34.5441460609436,-0.1645596151880368,1890.0,0.55,32
34.56511044502258,-0.11967972013675404,3780.0,-0.14,32
34.56511044502258,-0.11967972013675404,3780.0,-0.14,32
34.58409857749939,-0.10471975511965978,2340.0,0.26,32
34.58409857749939,-0.10471975511965978,2340.0,0.26,32
34.60678267478943,-0.07479982508547127,3240.0,0.22,32
34.624714612960815,-0.07479982508547127,3240.0,0.22,32
34.624714612960815,-0.04487989505128277,3060.0,0.08,32
34.624714612960815,-0.04487989505128277,3060.0,0.08,32
34.644349813461304,-0.02991993003418851,1170.0,0.54,32
34.644349813461304,-0.02991993003418851,1170.0,0.54,32
34.664369344711304,0.0,4140.0,-0.12,32
34.664369344711304,0.0,4140.0,-0.12,32
34.68449807167053,0.02991993003418851,2340.0,0.18,32
34.68449807167053,0.02991993003418851,2340.0,0.18,32
34.70434856414795,0.05983986006837702,3330.0,-0.19,32
34.70434856414795,0.05983986006837702,3330.0,-0.19,32
34.724562883377075,0.08975979010256555,3330.0,0.28,32
34.724562883377075,0.08975979010256555,3330.0,0.28,32
34.745864391326904,0.11967972013675404,2160.0,0.35000000000000003,32
34.745864391326904,0.11967972013675404,2160.0,0.35000000000000003,32
34.766539573669434,0.14959965017094254,3420.0,-0.21,32
34.766539573669434,0.14959965017094254,3420.0,-0.21,32
34.784218311309814,0.1795195802051311,3870.0,0.05,32
34.80403757095337,0.1795195802051311,3870.0,0.05,32
34.80403757095337,0.19447954522222533,1080.0,0.5,32
34.824429512023926,0.19447954522222533,1080.0,0.5,32
34.824429512023926,0.23935944027350808,4230.0,-0.08,32
34.844881534576416,0.23935944027350808,4230.0,-0.08,32
34.844881534576416,0.2543194052906023,810.0,0.5700000000000001,32
34.86457180976868,0.2543194052906023,810.0,0.5700000000000001,32
34.86457180976868,0.2991993003418851,5580.0,0.01,32
34.86457180976868,0.2991993003418851,5580.0,0.01,32
34.88444685935974,0.3291192303760736,1350.0,0.43,32
34.88444685935974,0.3291192303760736,1350.0,0.43,32
34.90480017662048,0.3590391604102622,3600.0,0.16,32
34.90480017662048,0.3590391604102622,3600.0,0.16,32
34.924761056900024,0.37399912542735636,2970.0,0.23,32
34.924761056900024,0.37399912542735636,2970.0,0.23,32
34.94508957862854,0.4039190554615449,2610.0,0.32,32
34.94508957862854,0.4039190554615449,2610.0,0.32,32
34.96430802345276,0.4487989505128276,4140.0,0.12,32
34.96430802345276,0.4487989505128276,4140.0,0.12,32
34.98526430130005,0.4637589155299219,1620.0,0.39,32
34.98526430130005,0.4637589155299219,1620.0,0.39,32
35.00492310523987,0.4936788455641104,2970.0,0.23,32
35.00492310523987,0.4936788455641104,2970.0,0.23,32
35.0250608921051,0.5235987755982988,1350.0,0.47000000000000003,32
35.0250608921051,0.5235987755982988,1350.0,0.47000000000000003,32
35.04438233375549,0.5535187056324875,4590.0,-0.06,32
35.04438233375549,0.5535187056324875,4590.0,-0.06,32
35.06477403640747,0.583438635666676,2340.0,-0.33,32
35.06477403640747,0.583438635666676,2340.0,-0.33,32
35.08574891090393,0.5983986006837702,1530.0,0.5,32
35.08574891090393,0.5983986006837702,1530.0,0.5,32
35.10680341720581,0.6432784957350529,4590.0,0.03,32
35.10680341720581,0.6432784957350529,4590.0,0.03,32
35.12404751777649,0.6432784957350529,1170.0,0.56,32
35.12404751777649,0.6432784957350529,1170.0,0.56,32
35.14415764808655,0.6881583907863358,3780.0,-0.03,32
35.16466212272644,0.6881583907863358,3780.0,-0.03,32
35.16466212272644,0.70311835580343,720.0,0.47000000000000003,32
35.16466212272644,0.70311835580343,720.0,0.47000000000000003,32
35.18571972846985,0.7479982508547127,4680.0,0.14,32
35.18571972846985,0.7479982508547127,4680.0,0.14,32
35.2047438621521,0.7629582158718071,1800.0,0.26,32
35.2047438621521,0.7629582158718071,1800.0,0.26,32
35.22436332702637,0.7928781459059957,2430.0,-0.28,32
35.22436332702637,0.7928781459059957,2430.0,-0.28,32
35.244118452072144,0.8078381109230898,3330.0,0.22,32
35.244118452072144,0.8078381109230898,3330.0,0.22,32
35.264384269714355,0.8377580409572782,2430.0,-0.19,32
35.264384269714355,0.8377580409572782,2430.0,-0.19,32
35.28707957267761,0.8527180059743724,540.0,0.59,32
35.28707957267761,0.8527180059743724,540.0,0.59,32
35.30472707748413,0.882637936008561,4770.0,0.05,32
35.30472707748413,0.882637936008561,4770.0,0.05,32
35.32438516616821,0.8975979010256552,720.0,0.61,32
35.32438516616821,0.8975979010256552,720.0,0.61,32
35.345319509506226,0.9424777960769382,4410.0,0.0,32
35.345319509506226,0.9424777960769382,4410.0,0.0,32
35.36479687690735,0.9574377610940323,2790.0,0.04,32
35.36479687690735,0.9574377610940323,2790.0,0.04,32
35.38494682312012,0.9873576911282208,2430.0,-0.15,32
35.38494682312012,0.9873576911282208,2430.0,-0.15,32
35.406259536743164,0.9873576911282208,2340.0,0.17,32
35.406259536743164,0.9873576911282208,2340.0,0.17,32
35.42423462867737,1.0172776211624093,1890.0,-0.29,32
35.42423462867737,1.0172776211624093,1890.0,-0.29,32
35.44417357444763,1.0322375861795037,2970.0,0.07,32
35.44417357444763,1.0322375861795037,2970.0,0.07,32
35.464110136032104,1.062157516213692,1980.0,-0.23,32
35.464110136032104,1.062157516213692,1980.0,-0.23,32
35.485268115997314,1.0920774462478806,3240.0,-0.06,32
35.485268115997314,1.0920774462478806,3240.0,-0.06,32
35.50400424003601,1.0920774462478806,1080.0,0.46,32
35.50400424003601,1.0920774462478806,1080.0,0.46,32
35.524285554885864,1.121997376282069,3060.0,-0.08,32
35.524285554885864,1.121997376282069,3060.0,-0.08,32
35.54457378387451,1.1369573412991634,990.0,0.48,32
35.54457378387451,1.1369573412991634,990.0,0.48,32
35.567490339279175,1.166877271333352,2250.0,-0.19,32
35.567490339279175,1.166877271333352,2250.0,-0.19,32
35.58499217033386,1.166877271333352,540.0,0.43,32
35.58499217033386,1.166877271333352,540.0,0.43,32
35.6043426990509,1.1967972013675403,3240.0,-0.06,32
35.6043426990509,1.1967972013675403,3240.0,-0.06,32
35.62517595291138,1.2117571663846345,810.0,-0.22,32
35.64424705505371,1.2267171314017289,2250.0,0.02,32
35.64424705505371,1.2267171314017289,2250.0,0.02,32
35.66412353515625,1.2267171314017289,2250.0,0.02,32
35.66412353515625,1.2416770964188233,540.0,0.42,32
35.66412353515625,1.2416770964188233,540.0,0.42,32
35.6849639415741,1.2566370614359172,3330.0,-0.12,32
35.6849639415741,1.2566370614359172,3330.0,-0.12,32
35.706618785858154,1.2715970264530116,630.0,-0.28,32
35.724000692367554,1.2715970264530116,630.0,-0.28,32
35.724000692367554,1.2865569914701058,810.0,0.42,32
35.7441029548645,1.2865569914701058,810.0,0.42,32
35.7441029548645,1.3015169564872002,1800.0,-0.22,32
35.7441029548645,1.3015169564872002,1800.0,-0.22,32
35.7644145488739,1.3164769215042944,1800.0,-0.17,32
35.7644145488739,1.3164769215042944,1800.0,-0.17,32
35.785114765167236,1.3314368865213886,900.0,0.36,32
35.785114765167236,1.3314368865213886,900.0,0.36,32
35.804991006851196,1.3463968515384828,180.0,-0.36,32
35.804991006851196,1.3463968515384828,180.0,-0.36,32
35.82399868965149,1.3463968515384828,450.0,0.51,32
35.82399868965149,1.3463968515384828,450.0,0.51,32
35.84419298171997,1.3763167815726716,2250.0,-0.07,32
35.84419298171997,1.3763167815726716,2250.0,-0.07,32
35.8650176525116,1.3763167815726716,360.0,-0.12,32
35.8650176525116,1.3763167815726716,360.0,-0.12,32
35.884997844696045,1.3912767465897655,180.0,-0.36,32
35.884997844696045,1.3912767465897655,180.0,-0.36,32
35.90557098388672,1.3912767465897655,360.0,0.53,32
35.90557098388672,1.3912767465897655,360.0,0.53,32
35.92532968521118,1.40623671160686,2880.0,-0.15,32
35.94401574134827,1.40623671160686,2880.0,-0.15,32
35.94401574134827,1.40623671160686,270.0,0.45,32
35.96436595916748,1.40623671160686,270.0,0.45,32
35.96436595916748,1.421196676623954,1890.0,0.18,32
35.96436595916748,1.421196676623954,1890.0,0.18,32
35.98553919792175,1.4361566416410487,180.0,-0.29,32
35.98553919792175,1.4361566416410487,180.0,-0.29,32
36.007330894470215,1.4361566416410487,450.0,0.36,32
36.007330894470215,1.4361566416410487,450.0,0.36,32
36.024208307266235,1.451116606658143,450.0,-0.2,32
36.024208307266235,1.451116606658143,450.0,-0.2,32
36.044633865356445,1.451116606658143,0.0,-0.24,32
36.044633865356445,1.451116606658143,0.0,-0.24,32
36.06529688835144,1.451116606658143,90.0,0.35000000000000003,32
36.06529688835144,1.451116606658143,90.0,0.35000000000000003,32
36.08466696739197,1.451116606658143,360.0,0.38,32
36.10504913330078,1.451116606658143,360.0,0.38,32
36.10504913330078,1.4660765716752369,2430.0,0.08,32
36.10504913330078,1.4660765716752369,2430.0,0.08,32
36.125850677490234,1.4660765716752369,90.0,-0.14,32
36.125850677490234,1.4660765716752369,90.0,-0.14,32
36.14482879638672,1.4660765716752369,90.0,-0.16,32
36.14482879638672,1.4660765716752369,90.0,-0.16,32
36.16473364830017,1.4660765716752369,90.0,-0.21,32
36.16473364830017,1.4660765716752369,90.0,-0.21,32
36.1874623298645,1.4660765716752369,0.0,-0.25,32
36.1874623298645,1.4660765716752369,0.0,-0.25,32
36.20415234565735,1.4660765716752369,90.0,-0.25,32
36.20415234565735,1.4660765716752369,90.0,-0.25,32
36.22497367858887,1.4660765716752369,0.0,-0.28,32
36.22497367858887,1.4660765716752369,0.0,-0.28,32
36.24518299102783,1.4660765716752369,0.0,-0.27,32
36.24518299102783,1.4660765716752369,0.0,-0.27,32
36.265249490737915,1.4660765716752369,0.0,-0.23,32
36.265249490737915,1.4660765716752369,0.0,-0.23,32
36.284629821777344,1.4660765716752369,0.0,-0.23,32
36.284629821777344,1.4660765716752369,0.0,-0.23,32
36.305604457855225,1.4660765716752369,0.0,-0.18,32
36.305604457855225,1.4660765716752369,0.0,-0.18,32
36.32425332069397,1.4660765716752369,0.0,-0.11,32
36.32425332069397,1.4660765716752369,0.0,-0.11,32
36.34447622299194,1.4660765716752369,-180.0,-0.03,32
36.34447622299194,1.4660765716752369,-180.0,-0.03,32
36.36431121826172,1.4660765716752369,-90.0,-0.08,32
36.36431121826172,1.4660765716752369,-90.0,-0.08,32
36.3884699344635,1.4660765716752369,-180.0,-0.19,32
36.3884699344635,1.4660765716752369,-180.0,-0.19,32
36.40471577644348,1.4660765716752369,-180.0,-0.33,32
36.42488408088684,1.4660765716752369,-180.0,-0.33,32
36.42488408088684,1.4660765716752369,-360.0,0.43,32
36.42488408088684,1.4660765716752369,-360.0,0.43,32
36.44464635848999,1.4361566416410487,-1980.0,-0.12,32
36.44464635848999,1.4361566416410487,-1980.0,-0.12,32
36.46606183052063,1.4361566416410487,-180.0,-0.34,32
36.46606183052063,1.4361566416410487,-180.0,-0.34,32
36.48414754867554,1.4361566416410487,-360.0,0.46,32
36.48414754867554,1.4361566416410487,-360.0,0.46,32
36.50422215461731,1.421196676623954,-3060.0,0.0,32
36.52451753616333,1.40623671160686,-990.0,-0.08,32
36.52451753616333,1.40623671160686,-990.0,-0.08,32
36.52451753616333,1.40623671160686,-990.0,-0.08,32
36.54417395591736,1.40623671160686,-270.0,-0.1,32
36.54417395591736,1.40623671160686,-270.0,-0.1,32
36.56477355957031,1.3912767465897655,-270.0,0.32,32
36.56477355957031,1.3912767465897655,-270.0,0.32,32
36.58670949935913,1.3763167815726716,-2880.0,0.14,32
36.58670949935913,1.3763167815726716,-2880.0,0.14,32
36.604307889938354,1.3763167815726716,-450.0,0.27,32
36.604307889938354,1.3763167815726716,-450.0,0.27,32
36.6246280670166,1.3763167815726716,-900.0,0.44,32
36.6246280670166,1.3763167815726716,-900.0,0.44,32
36.645631074905396,1.3463968515384828,-2610.0,0.16,32
36.645631074905396,1.3463968515384828,-2610.0,0.16,32
36.66429662704468,1.3314368865213886,-450.0,-0.21,32
36.66429662704468,1.3314368865213886,-450.0,-0.21,32
36.68414521217346,1.3314368865213886,-450.0,0.48,32
36.707422971725464,1.3314368865213886,-450.0,0.48,32
36.707422971725464,1.3164769215042944,-3330.0,0.12,32
36.707422971725464,1.3164769215042944,-3330.0,0.12,32
36.72457790374756,1.3015169564872002,-630.0,-0.27,32
36.72457790374756,1.3015169564872002,-630.0,-0.27,32
36.744155168533325,1.2865569914701058,-450.0,0.49,32
36.76430082321167,1.2865569914701058,-450.0,0.49,32
36.76430082321167,1.2566370614359172,-3240.0,-0.04,32
36.76430082321167,1.2566370614359172,-3240.0,-0.04,32
36.78430438041687,1.2566370614359172,-540.0,-0.32,32
36.78430438041687,1.2566370614359172,-540.0,-0.32,32
36.80706715583801,1.2416770964188233,-1350.0,0.36,32
36.80706715583801,1.2416770964188233,-1350.0,0.36,32
36.82518148422241,1.2267171314017289,-630.0,0.45,32
36.82518148422241,1.2267171314017289,-630.0,0.45,32
36.84971523284912,1.1967972013675403,-2430.0,-0.29,32
36.84971523284912,1.1967972013675403,-2430.0,-0.29,32
36.86413049697876,1.181837236350446,-1170.0,-0.37,32
36.86413049697876,1.181837236350446,-1170.0,-0.37,32
36.88479495048523,1.181837236350446,-1080.0,0.52,32
36.88479495048523,1.181837236350446,-1080.0,0.52,32
36.90702676773071,1.1369573412991634,-3150.0,-0.07,32
36.90702676773071,1.1369573412991634,-3150.0,-0.07,32
36.92418599128723,1.1369573412991634,-900.0,0.45,32
36.92418599128723,1.1369573412991634,-900.0,0.45,32
36.94427752494812,1.107037411264975,-3600.0,0.15,32
36.94427752494812,1.107037411264975,-3600.0,0.15,32
36.96507668495178,1.0920774462478806,-630.0,0.36,32
36.96507668495178,1.0920774462478806,-630.0,0.36,32
36.9868438243866,1.0771174812307864,-1620.0,0.36,32
36.9868438243866,1.0771174812307864,-1620.0,0.36,32
37.00420641899109,1.0471975511965976,-2970.0,0.22,32
37.00420641899109,1.0471975511965976,-2970.0,0.22,32
37.02437376976013,1.0322375861795037,-630.0,0.54,32
37.02437376976013,1.0322375861795037,-630.0,0.54,32
37.04421019554138,1.002317656145315,-3960.0,0.13,32
37.04421019554138,1.002317656145315,-3960.0,0.13,32
37.06511068344116,0.9873576911282208,-540.0,0.55,32
37.06511068344116,0.9873576911282208,-540.0,0.55,32
37.08485221862793,0.9574377610940323,-4140.0,-0.06,32
37.08485221862793,0.9574377610940323,-4140.0,-0.06,32
37.105024337768555,0.9424777960769382,-720.0,0.52,32
37.105024337768555,0.9424777960769382,-720.0,0.52,32
37.12563419342041,0.9125578660427495,-3420.0,-0.08,32
37.12563419342041,0.9125578660427495,-3420.0,-0.08,32
37.1443452835083,0.8975979010256552,-1890.0,0.19,32
37.1443452835083,0.8975979010256552,-1890.0,0.19,32
37.16581392288208,0.8676779709914668,-2610.0,-0.04,32
37.16581392288208,0.8676779709914668,-2610.0,-0.04,32
37.184972286224365,0.8377580409572782,-3240.0,-0.02,32
37.184972286224365,0.8377580409572782,-3240.0,-0.02,32
37.20554447174072,0.8227980759401841,-2790.0,0.11,32
37.20554447174072,0.8227980759401841,-2790.0,0.11,32
37.22566866874695,0.7928781459059957,-2160.0,-0.27,32
37.22566866874695,0.7928781459059957,-2160.0,-0.27,32
37.244473457336426,0.7779181808889013,-2790.0,-0.25,32
37.244473457336426,0.7779181808889013,-2790.0,-0.25,32
37.264307260513306,0.7479982508547127,-1800.0,0.38,32
37.264307260513306,0.7479982508547127,-1800.0,0.38,32
37.28418183326721,0.7330382858376184,-1440.0,0.47000000000000003,32
37.28418183326721,0.7330382858376184,-1440.0,0.47000000000000003,32
37.3045551776886,0.6881583907863358,-3330.0,-0.26,32
37.3045551776886,0.6881583907863358,-3330.0,-0.26,32
37.324278116226196,0.6881583907863358,-2430.0,0.38,32
37.324278116226196,0.6881583907863358,-2430.0,0.38,32
37.345787525177,0.6283185307179586,-4050.0,0.12,32
37.345787525177,0.6283185307179586,-4050.0,0.12,32
37.365039110183716,0.6283185307179586,-990.0,0.53,32
37.365039110183716,0.6283185307179586,-990.0,0.53,32
37.38421583175659,0.583438635666676,-4680.0,-0.05,32
37.38421583175659,0.583438635666676,-4680.0,-0.05,32
37.40450882911682,0.5684786706495817,-1890.0,0.34,32
37.424179553985596,0.5684786706495817,-1890.0,0.34,32
37.424179553985596,0.5385587406153932,-3780.0,0.16,32
37.424179553985596,0.5385587406153932,-3780.0,0.16,32
37.44565534591675,0.5086388105812046,-3510.0,-0.13,32
37.44565534591675,0.5086388105812046,-3510.0,-0.13,32
37.4651415348053,0.47871888054701617,-2790.0,-0.33,32
37.48414158821106,0.47871888054701617,-2790.0,-0.33,32
37.48414158821106,0.4487989505128276,-3780.0,0.21,32
37.48414158821106,0.4487989505128276,-3780.0,0.21,32
37.50504422187805,0.4338389854957334,-900.0,0.7000000000000001,32
37.5242965221405,0.38895909044445065,-5040.0,-0.02,32
37.5242965221405,0.38895909044445065,-5040.0,-0.02,32
37.5242965221405,0.38895909044445065,-5040.0,-0.02,32
37.54473686218262,0.37399912542735636,-1080.0,0.41000000000000003,32
37.54473686218262,0.37399912542735636,-1080.0,0.41000000000000003,32
37.56472206115723,0.3291192303760736,-4590.0,0.06,32
37.584105253219604,0.3291192303760736,-4590.0,0.06,32
37.584105253219604,0.3141592653589793,-2970.0,0.17,32
37.604140281677246,0.3141592653589793,-2970.0,0.17,32
37.604140281677246,0.28423933532479084,-2070.0,0.42,32
37.604140281677246,0.28423933532479084,-2070.0,0.42,32
37.624277114868164,0.23935944027350808,-4500.0,-0.05,32
37.624277114868164,0.23935944027350808,-4500.0,-0.05,32
37.64504408836365,0.2243994752564138,-2520.0,0.32,32
37.66420269012451,0.2243994752564138,-2520.0,0.32,32
37.66420269012451,0.19447954522222533,-3510.0,-0.04,32
37.6841299533844,0.19447954522222533,-3510.0,-0.04,32
37.6841299533844,0.1795195802051311,-1260.0,0.71,32
37.704445362091064,0.1795195802051311,-1260.0,0.71,32
37.704445362091064,0.1346396851538483,-4680.0,-0.09,32
37.704445362091064,0.1346396851538483,-4680.0,-0.09,32
37.72584128379822,0.10471975511965978,-2700.0,0.05,32
37.744216203689575,0.10471975511965978,-2700.0,0.05,32
37.744216203689575,0.07479982508547127,-3600.0,0.07,32
37.744216203689575,0.07479982508547127,-3600.0,0.07,32
37.76473045349121,0.04487989505128277,-1800.0,0.37,32
37.784852027893066,0.04487989505128277,-1800.0,0.37,32
37.784852027893066,0.014959965017094255,-3780.0,0.13,32
37.80405616760254,0.014959965017094255,-3780.0,0.13,32
37.80405616760254,0.0,-3060.0,0.32,32
37.80405616760254,0.0,-3060.0,0.32,32
37.8252112865448,-0.02991993003418851,-3780.0,0.12,32
37.8252112865448,-0.02991993003418851,-3780.0,0.12,32
37.84406328201294,-0.05983986006837702,-3150.0,0.19,32
37.84406328201294,-0.05983986006837702,-3150.0,0.19,32
37.86435294151306,-0.08975979010256555,-3060.0,0.22,32
37.86435294151306,-0.08975979010256555,-3060.0,0.22,32
37.88553428649902,-0.10471975511965978,-1530.0,0.36,32
37.88553428649902,-0.10471975511965978,-1530.0,0.36,32
37.9064564704895,-0.14959965017094254,-3690.0,-0.17,32
37.92705035209656,-0.14959965017094254,-3690.0,-0.17,32
37.92705035209656,-0.1795195802051311,-3960.0,0.14,32
37.92705035209656,-0.1795195802051311,-3960.0,0.14,32
37.94519639015198,-0.19447954522222533,-2160.0,0.27,32
37.96485996246338,-0.19447954522222533,-2160.0,0.27,32
37.96485996246338,-0.23935944027350808,-3600.0,-0.18,32
37.96485996246338,-0.23935944027350808,-3600.0,-0.18,32
37.984939098358154,-0.2543194052906023,-900.0,0.54,32
38.004324197769165,-0.2543194052906023,-900.0,0.54,32
38.004324197769165,-0.2991993003418851,-5040.0,0.07,32
38.02411508560181,-0.2991993003418851,-5040.0,0.07,32
38.02411508560181,-0.3141592653589793,-1980.0,0.43,32
38.02411508560181,-0.3141592653589793,-1980.0,0.43,32
38.0445499420166,-0.3440791953931679,-4140.0,0.18,32
38.0445499420166,-0.3440791953931679,-4140.0,0.18,32
38.070605516433716,-0.38895909044445065,-3330.0,-0.14,32
38.070605516433716,-0.38895909044445065,-3330.0,-0.14,32
38.08475685119629,-0.4039190554615449,-3060.0,0.25,32
38.08475685119629,-0.4039190554615449,-3060.0,0.25,32
38.104116678237915,-0.4338389854957334,-2880.0,0.14,32
38.104116678237915,-0.4338389854957334,-2880.0,0.14,32
38.1241672039032,-0.4487989505128276,-900.0,0.64,32
38.14434790611267,-0.4487989505128276,-900.0,0.64,32
38.14434790611267,-0.4936788455641104,-4590.0,-0.12,32
38.14434790611267,-0.4936788455641104,-4590.0,-0.12,32
38.164419174194336,-0.5086388105812046,-1170.0,0.48,32
38.164419174194336,-0.5086388105812046,-1170.0,0.48,32
38.18590021133423,-0.5535187056324875,-4140.0,-0.15,32
38.18590021133423,-0.5535187056324875,-4140.0,-0.15,32
38.20412254333496,-0.5684786706495817,-1980.0,0.45,32
38.22499918937683,-0.5684786706495817,-1980.0,0.45,32
38.22499918937683,-0.5983986006837702,-2880.0,0.28,32
38.22499918937683,-0.5983986006837702,-2880.0,0.28,32
38.246527433395386,-0.6283185307179586,-3240.0,0.03,32
38.246527433395386,-0.6283185307179586,-3240.0,0.03,32
38.264893770217896,-0.6582384607521472,-1980.0,0.27,32
38.264893770217896,-0.6582384607521472,-1980.0,0.27,32
38.285155296325684,-0.6881583907863358,-2700.0,-0.18,32
38.285155296325684,-0.6881583907863358,-2700.0,-0.18,32
38.30507302284241,-0.70311835580343,-990.0,0.48,32
38.30507302284241,-0.70311835580343,-990.0,0.48,32
38.326544761657715,-0.7330382858376184,-4050.0,0.25,32
38.326544761657715,-0.7330382858376184,-4050.0,0.25,32
38.34512686729431,-0.7629582158718071,-3330.0,-0.19,32
38.34512686729431,-0.7629582158718071,-3330.0,-0.19,32
38.364067792892456,-0.7928781459059957,-3150.0,0.22,32
38.364067792892456,-0.7928781459059957,-3150.0,0.22,32
38.38579058647156,-0.8078381109230898,-2610.0,-0.3,32
38.38579058647156,-0.8078381109230898,-2610.0,-0.3,32
38.40543556213379,-0.8377580409572782,-2520.0,0.33,32
38.40543556213379,-0.8377580409572782,-2520.0,0.33,32
38.42432188987732,-0.8527180059743724,-1170.0,0.5,32
38.42432188987732,-0.8527180059743724,-1170.0,0.5,32
38.44438052177429,-0.882637936008561,-4230.0,0.09,32
38.44438052177429,-0.882637936008561,-4230.0,0.09,32
38.46411347389221,-0.9125578660427495,-1710.0,0.21,32
38.46411347389221,-0.9125578660427495,-1710.0,0.21,32
38.48430252075195,-0.9275178310598438,-3150.0,0.04,32
38.48430252075195,-0.9275178310598438,-3150.0,0.04,32
38.50475072860718,-0.9424777960769382,-810.0,0.53,32
38.50475072860718,-0.9424777960769382,-810.0,0.53,32
38.52558779716492,-0.9873576911282208,-3780.0,-0.1,32
38.52558779716492,-0.9873576911282208,-3780.0,-0.1,32
38.54416084289551,-0.9873576911282208,-1620.0,0.36,32
38.54416084289551,-0.9873576911282208,-1620.0,0.36,32
38.56428647041321,-1.0172776211624093,-2610.0,-0.27,32
38.56428647041321,-1.0172776211624093,-2610.0,-0.27,32
38.58398079872131,-1.0322375861795037,-1980.0,0.35000000000000003,32
38.58398079872131,-1.0322375861795037,-1980.0,0.35000000000000003,32
38.605067014694214,-1.062157516213692,-2790.0,-0.21,32
38.62494087219238,-1.062157516213692,-2790.0,-0.21,32
38.62494087219238,-1.0771174812307864,-1620.0,0.39,32
38.62494087219238,-1.0771174812307864,-1620.0,0.39,32
38.64432215690613,-1.107037411264975,-2340.0,0.19,32
38.64432215690613,-1.107037411264975,-2340.0,0.19,32
38.664236068725586,-1.107037411264975,-630.0,0.51,32
38.664236068725586,-1.107037411264975,-630.0,0.51,32
38.68411731719971,-1.1519173063162578,-3960.0,0.15,32
38.70427942276001,-1.1519173063162578,-3960.0,0.15,32
38.70427942276001,-1.1519173063162578,-630.0,0.39,32
38.70427942276001,-1.1519173063162578,-630.0,0.39,32
38.72416377067566,-1.181837236350446,-3330.0,0.12,32
38.72416377067566,-1.181837236350446,-3330.0,0.12,32
38.74531674385071,-1.1967972013675403,-540.0,0.28,32
38.74531674385071,-1.1967972013675403,-540.0,0.28,32
38.766419887542725,-1.1967972013675403,-1080.0,0.51,32
38.766419887542725,-1.1967972013675403,-1080.0,0.51,32
38.78450560569763,-1.2416770964188233,-3330.0,-0.01,32
38.78450560569763,-1.2416770964188233,-3330.0,-0.01,32
38.804410219192505,-1.2416770964188233,-540.0,0.46,32
38.82412934303284,-1.2416770964188233,-540.0,0.46,32
38.82412934303284,-1.2566370614359172,-3330.0,0.16,32
38.82412934303284,-1.2566370614359172,-3330.0,0.16,32
38.845993518829346,-1.2715970264530116,-540.0,-0.32,32
38.845993518829346,-1.2715970264530116,-540.0,-0.32,32
38.86468243598938,-1.2865569914701058,-630.0,0.43,32
38.86468243598938,-1.2865569914701058,-630.0,0.43,32
38.88604664802551,-1.3015169564872002,-720.0,-0.47000000000000003,32
38.90465044975281,-1.3164769215042944,-1350.0,0.45,32
38.90465044975281,-1.3164769215042944,-1350.0,0.45,32
38.90465044975281,-1.3164769215042944,-1350.0,0.45,32
38.92688775062561,-1.3314368865213886,-2430.0,0.02,32
38.945958614349365,-1.3314368865213886,-2430.0,0.02,32
38.945958614349365,-1.3463968515384828,-270.0,-0.37,32
38.945958614349365,-1.3463968515384828,-270.0,-0.37,32
38.96613597869873,-1.3463968515384828,-360.0,0.63,32
38.96613597869873,-1.3463968515384828,-360.0,0.63,32
38.98501205444336,-1.3613568165555772,-2880.0,0.19,32
38.98501205444336,-1.3613568165555772,-2880.0,0.19,32
39.00468826293945,-1.3763167815726716,-1080.0,-0.15,32
39.02765250205994,-1.3763167815726716,-1080.0,-0.15,32
39.02765250205994,-1.3912767465897655,-90.0,-0.29,32
39.02765250205994,-1.3912767465897655,-90.0,-0.29,32
39.04634428024292,-1.3912767465897655,-360.0,0.44,32
39.04634428024292,-1.3912767465897655,-360.0,0.44,32
39.065285205841064,-1.40623671160686,-2610.0,-0.05,32
39.065285205841064,-1.40623671160686,-2610.0,-0.05,32
39.084739446640015,-1.421196676623954,-450.0,-0.22,32
39.084739446640015,-1.421196676623954,-450.0,-0.22,32
39.10481882095337,-1.421196676623954,-360.0,-0.14,32
39.10481882095337,-1.421196676623954,-360.0,-0.14,32
39.125863552093506,-1.421196676623954,-90.0,-0.27,32
39.14411807060242,-1.421196676623954,-90.0,-0.27,32
39.14411807060242,-1.4361566416410487,-360.0,0.32,32
39.16416263580322,-1.4361566416410487,-360.0,0.32,32
39.16416263580322,-1.451116606658143,-2430.0,0.02,32
39.16416263580322,-1.451116606658143,-2430.0,0.02,32
39.18421673774719,-1.451116606658143,-180.0,-0.2,32
39.18421673774719,-1.451116606658143,-180.0,-0.2,32
39.20464324951172,-1.451116606658143,-90.0,0.34,32
39.20464324951172,-1.451116606658143,-90.0,0.34,32
39.22456669807434,-1.451116606658143,-90.0,0.42,32
39.22456669807434,-1.451116606658143,-90.0,0.42,32
39.25088334083557,-1.451116606658143,-270.0,0.43,32
39.25088334083557,-1.451116606658143,-270.0,0.43,32
39.26429748535156,-1.4660765716752369,-1350.0,-0.18,32
39.26429748535156,-1.4660765716752369,-1350.0,-0.18,32
39.28416895866394,-1.4660765716752369,0.0,-0.21,32
39.30421018600464,-1.4660765716752369,0.0,-0.29,32
39.30421018600464,-1.4660765716752369,0.0,-0.29,32
39.30421018600464,-1.4660765716752369,0.0,-0.29,32
39.32419419288635,-1.4660765716752369,0.0,-0.32,32
39.32419419288635,-1.4660765716752369,0.0,-0.32,32
39.34723925590515,-1.4660765716752369,0.0,0.32,32
39.34723925590515,-1.4660765716752369,0.0,0.32,32
39.36801242828369,-1.4660765716752369,0.0,0.36,32
39.36801242828369,-1.4660765716752369,0.0,0.36,32
39.38412427902222,-1.4660765716752369,0.0,0.35000000000000003,32
39.40399360656738,-1.4660765716752369,0.0,0.35000000000000003,32
39.40399360656738,-1.4660765716752369,0.0,0.33,32
39.42421555519104,-1.4660765716752369,0.0,-0.33,32
39.42421555519104,-1.4660765716752369,0.0,-0.33,32
39.42421555519104,-1.4660765716752369,0.0,-0.33,32
39.44511079788208,-1.4660765716752369,0.0,-0.28,32
39.46476864814758,-1.4660765716752369,0.0,-0.28,32
39.46476864814758,-1.4660765716752369,90.0,-0.21,32
39.486846685409546,-1.4660765716752369,90.0,-0.13,32
39.486846685409546,-1.4660765716752369,90.0,-0.13,32
39.486846685409546,-1.4660765716752369,90.0,-0.13,32
39.505414962768555,-1.4660765716752369,90.0,-0.02,32
39.505414962768555,-1.4660765716752369,90.0,-0.02,32
39.526336669921875,-1.4660765716752369,180.0,-0.11,32
39.54413032531738,-1.4660765716752369,180.0,-0.11,32
39.54413032531738,-1.4660765716752369,180.0,-0.24,32
39.54413032531738,-1.4660765716752369,180.0,-0.24,32
39.56564021110535,-1.4660765716752369,360.0,-0.36,32
39.56564021110535,-1.4660765716752369,360.0,-0.36,32
39.586594581604004,-1.451116606658143,1710.0,-0.16,32
39.586594581604004,-1.451116606658143,1710.0,-0.16,32
39.606711864471436,-1.451116606658143,90.0,-0.34,32
39.606711864471436,-1.451116606658143,90.0,-0.34,32
39.62421441078186,-1.4361566416410487,360.0,0.52,32
39.62421441078186,-1.4361566416410487,360.0,0.52,32
39.646427392959595,-1.4361566416410487,1170.0,0.41000000000000003,32
39.646427392959595,-1.4361566416410487,1170.0,0.41000000000000003,32
39.66641616821289,-1.421196676623954,90.0,0.44,32
39.66641616821289,-1.421196676623954,90.0,0.44,32
39.683943033218384,-1.40623671160686,1530.0,0.28,32
39.683943033218384,-1.40623671160686,1530.0,0.28,32
39.70677590370178,-1.40623671160686,180.0,0.4,32
39.70677590370178,-1.40623671160686,180.0,0.4,32
39.72476410865784,-1.3912767465897655,1530.0,0.31,32
39.72476410865784,-1.3912767465897655,1530.0,0.31,32
39.744144916534424,-1.3763167815726716,90.0,0.4,32
39.744144916534424,-1.3763167815726716,90.0,0.4,32
39.76586389541626,-1.3763167815726716,1170.0,0.3,32
39.76586389541626,-1.3763167815726716,1170.0,0.3,32
39.78411626815796,-1.3314368865213886,2790.0,0.21,32
39.80408811569214,-1.3314368865213886,2790.0,0.21,32
39.80408811569214,-1.3314368865213886,360.0,-0.22,32
39.82540535926819,-1.3314368865213886,630.0,0.43,32
39.82540535926819,-1.3314368865213886,630.0,0.43,32
39.82540535926819,-1.3314368865213886,630.0,0.43,32
39.84493660926819,-1.3015169564872002,3240.0,-0.09,32
39.864959955215454,-1.3015169564872002,540.0,-0.18,32
39.864959955215454,-1.3015169564872002,540.0,-0.18,32
39.864959955215454,-1.3015169564872002,540.0,-0.18,32
39.8841598033905,-1.2865569914701058,450.0,0.46,32
39.8841598033905,-1.2865569914701058,450.0,0.46,32
39.90463328361511,-1.2715970264530116,3330.0,0.16,32
39.90463328361511,-1.2715970264530116,3330.0,0.16,32
39.92390847206116,-1.2566370614359172,1350.0,-0.3,32
39.92390847206116,-1.2566370614359172,1350.0,-0.3,32
39.94423317909241,-1.2416770964188233,1080.0,0.41000000000000003,32
39.94423317909241,-1.2416770964188233,1080.0,0.41000000000000003,32
39.96419548988342,-1.2117571663846345,2250.0,-0.09,32
39.98440647125244,-1.2117571663846345,2250.0,-0.09,32
39.98440647125244,-1.2117571663846345,450.0,0.42,32
40.004334926605225,-1.2117571663846345,450.0,0.42,32
40.004334926605225,-1.181837236350446,3420.0,-0.19,32
40.004334926605225,-1.181837236350446,3420.0,-0.19,32
40.0247483253479,-1.181837236350446,1170.0,0.43,32
40.0247483253479,-1.181837236350446,1170.0,0.43,32
40.045329093933105,-1.1369573412991634,2610.0,-0.15,32
40.06496000289917,-1.1369573412991634,2610.0,-0.15,32
40.06496000289917,-1.1369573412991634,540.0,0.6,32
40.06496000289917,-1.1369573412991634,540.0,0.6,32
40.0853385925293,-1.107037411264975,3870.0,0.14,32
40.0853385925293,-1.107037411264975,3870.0,0.14,32
40.10476303100586,-1.0920774462478806,810.0,0.38,32
40.10476303100586,-1.0920774462478806,810.0,0.38,32
40.12457895278931,-1.0771174812307864,2160.0,-0.21,32
40.12457895278931,-1.0771174812307864,2160.0,-0.21,32
40.14428734779358,-1.062157516213692,900.0,0.43,32
40.14428734779358,-1.062157516213692,900.0,0.43,32
40.16787242889404,-1.0322375861795037,3690.0,-0.09,32
40.16787242889404,-1.0322375861795037,3690.0,-0.09,32
40.184731245040894,-1.0172776211624093,810.0,0.41000000000000003,32
40.184731245040894,-1.0172776211624093,810.0,0.41000000000000003,32
40.20673418045044,-0.9873576911282208,3780.0,0.18,32
40.224780559539795,-0.9873576911282208,3780.0,0.18,32
40.224780559539795,-0.9723977261111265,630.0,0.5,32
40.224780559539795,-0.9723977261111265,630.0,0.5,32
40.244256019592285,-0.9424777960769382,3960.0,0.15,32
40.244256019592285,-0.9424777960769382,3960.0,0.15,32
40.264875650405884,-0.9275178310598438,630.0,0.59,32
40.264875650405884,-0.9275178310598438,630.0,0.59,32
40.284722089767456,-0.8975979010256552,4320.0,0.07,32
40.30500531196594,-0.8975979010256552,4320.0,0.07,32
40.30500531196594,-0.882637936008561,630.0,0.58,32
40.32690954208374,-0.882637936008561,630.0,0.58,32
40.32690954208374,-0.8377580409572782,4860.0,0.04,32
40.32690954208374,-0.8377580409572782,4860.0,0.04,32
40.34463548660278,-0.8227980759401841,2430.0,-0.19,32
40.34463548660278,-0.8227980759401841,2430.0,-0.19,32
40.366466760635376,-0.8078381109230898,2340.0,0.26,32
40.366466760635376,-0.8078381109230898,2340.0,0.26,32
40.38447308540344,-0.7779181808889013,2070.0,0.3,32
40.40400767326355,-0.7779181808889013,2070.0,0.3,32
40.40400767326355,-0.7479982508547127,3510.0,0.13,32
40.40400767326355,-0.7479982508547127,3510.0,0.13,32
40.42422676086426,-0.7330382858376184,810.0,0.56,32
40.44407534599304,-0.7330382858376184,810.0,0.56,32
40.44407534599304,-0.6881583907863358,4590.0,-0.1,32
40.44407534599304,-0.6881583907863358,4590.0,-0.1,32
40.4643132686615,-0.6731984257692414,3060.0,0.25,32
40.4643132686615,-0.6731984257692414,3060.0,0.25,32
40.48432159423828,-0.6432784957350529,2970.0,0.29,32
40.48432159423828,-0.6432784957350529,2970.0,0.29,32
40.50450110435486,-0.6283185307179586,810.0,0.6,32
40.50450110435486,-0.6283185307179586,810.0,0.6,32
40.52554178237915,-0.583438635666676,5220.0,0.04,32
40.52554178237915,-0.583438635666676,5220.0,0.04,32
40.544243574142456,-0.5684786706495817,1620.0,0.33,32
40.544243574142456,-0.5684786706495817,1620.0,0.33,32
40.56482529640198,-0.5385587406153932,3060.0,0.2,32
40.56482529640198,-0.5385587406153932,3060.0,0.2,32
40.585331201553345,-0.5235987755982988,1530.0,0.42,32
40.585331201553345,-0.5235987755982988,1530.0,0.42,32
40.60456871986389,-0.47871888054701617,3780.0,-0.16,32
40.60456871986389,-0.47871888054701617,3780.0,-0.16,32
40.62388515472412,-0.4487989505128276,3510.0,0.16,32
40.62388515472412,-0.4487989505128276,3510.0,0.16,32
40.644049882888794,-0.4338389854957334,720.0,0.64,32
40.644049882888794,-0.4338389854957334,720.0,0.64,32
40.6640899181366,-0.38895909044445065,4680.0,-0.11,32
40.6640899181366,-0.38895909044445065,4680.0,-0.11,32
40.683908462524414,-0.37399912542735636,1710.0,0.48,32
40.683908462524414,-0.37399912542735636,1710.0,0.48,32
40.70417594909668,-0.3440791953931679,4590.0,0.12,32
40.70417594909668,-0.3440791953931679,4590.0,0.12,32
40.72537326812744,-0.3141592653589793,2520.0,-0.25,32
40.72537326812744,-0.3141592653589793,2520.0,-0.25,32
40.7461302280426,-0.28423933532479084,3780.0,0.17,32
40.7461302280426,-0.28423933532479084,3780.0,0.17,32
40.76612663269043,-0.2543194052906023,3330.0,-0.01,32
40.78480863571167,-0.2543194052906023,3330.0,-0.01,32
40.78480863571167,-0.23935944027350808,1260.0,0.6,32
40.78480863571167,-0.23935944027350808,1260.0,0.6,32
40.804205894470215,-0.19447954522222533,4860.0,0.09,32
40.804205894470215,-0.19447954522222533,4860.0,0.09,32
40.824031591415405,-0.1795195802051311,1080.0,0.61,32
40.824031591415405,-0.1795195802051311,1080.0,0.61,32
40.8441424369812,-0.1346396851538483,4320.0,-0.17,32
40.8441424369812,-0.1346396851538483,4320.0,-0.17,32
40.86412501335144,-0.10471975511965978,1530.0,0.42,32
40.88471555709839,-0.10471975511965978,1530.0,0.42,32
40.88471555709839,-0.07479982508547127,3690.0,0.1,32
40.88471555709839,-0.07479982508547127,3690.0,0.1,32
40.90488886833191,-0.04487989505128277,3240.0,0.21,32
40.924296140670776,-0.04487989505128277,3240.0,0.21,32
40.924296140670776,-0.02991993003418851,1170.0,0.55,32
40.924296140670776,-0.02991993003418851,1170.0,0.55,32
40.944096326828,0.0,5040.0,-0.08,32
40.944096326828,0.0,5040.0,-0.08,32
40.963796854019165,0.02991993003418851,2250.0,0.28,32
40.963796854019165,0.02991993003418851,2250.0,0.28,32
40.98459243774414,0.05983986006837702,3240.0,0.12,32
40.98459243774414,0.05983986006837702,3240.0,0.12,32
41.004350662231445,0.08975979010256555,3330.0,0.2,32
41.023815870285034,0.08975979010256555,3330.0,0.2,32
41.023815870285034,0.10471975511965978,2070.0,0.37,32
41.023815870285034,0.10471975511965978,2070.0,0.37,32
41.045111656188965,0.14959965017094254,3960.0,-0.07,32
41.045111656188965,0.14959965017094254,3960.0,-0.07,32
41.06393790245056,0.1795195802051311,3600.0,0.11,32
41.06393790245056,0.1795195802051311,3600.0,0.11,32
41.083943367004395,0.19447954522222533,900.0,0.55,32
41.083943367004395,0.19447954522222533,900.0,0.55,32
41.104182720184326,0.23935944027350808,4860.0,-0.07,32
41.104182720184326,0.23935944027350808,4860.0,-0.07,32
41.12401628494263,0.2543194052906023,1080.0,0.47000000000000003,32
41.12401628494263,0.2543194052906023,1080.0,0.47000000000000003,32
41.14388465881348,0.2991993003418851,5130.0,0.02,32
41.16401743888855,0.2991993003418851,5130.0,0.02,32
41.16401743888855,0.3291192303760736,1980.0,-0.33,32
41.16401743888855,0.3291192303760736,1980.0,-0.33,32
41.18497014045715,0.3440791953931679,3330.0,0.24,32
41.18497014045715,0.3440791953931679,3330.0,0.24,32
41.20388340950012,0.37399912542735636,1890.0,0.33,32
41.20388340950012,0.37399912542735636,1890.0,0.33,32
41.22438049316406,0.4039190554615449,3330.0,-0.23,32
41.24396276473999,0.4039190554615449,3330.0,-0.23,32
41.24396276473999,0.4338389854957334,3600.0,-0.03,32
41.24396276473999,0.4338389854957334,3600.0,-0.03,32
41.26670551300049,0.4487989505128276,990.0,0.51,32
41.26670551300049,0.4487989505128276,990.0,0.51,32
41.28400802612305,0.4936788455641104,4140.0,-0.17,32
41.28400802612305,0.4936788455641104,4140.0,-0.17,32
41.307162284851074,0.5086388105812046,1530.0,0.41000000000000003,32
41.307162284851074,0.5086388105812046,1530.0,0.41000000000000003,32
41.32393932342529,0.5535187056324875,4590.0,0.01,32
41.34471821784973,0.5535187056324875,4590.0,0.01,32
41.34471821784973,0.583438635666676,2520.0,-0.25,32
41.34471821784973,0.583438635666676,2520.0,-0.25,32
41.36419177055359,0.5983986006837702,3330.0,0.23,32
41.36419177055359,0.5983986006837702,3330.0,0.23,32
41.38397026062012,0.6283185307179586,2610.0,0.16,32
41.40388822555542,0.6283185307179586,2610.0,0.16,32
41.40388822555542,0.6432784957350529,720.0,0.66,32
41.40388822555542,0.6432784957350529,720.0,0.66,32
41.42510390281677,0.6881583907863358,4950.0,-0.02,32
41.44508719444275,0.6881583907863358,4950.0,-0.02,32
41.44508719444275,0.70311835580343,900.0,0.4,32
41.44508719444275,0.70311835580343,900.0,0.4,32
41.464762687683105,0.7330382858376184,4140.0,0.12,32
41.483824729919434,0.7330382858376184,4140.0,0.12,32
41.483824729919434,0.7479982508547127,1260.0,0.38,32
41.483824729919434,0.7479982508547127,1260.0,0.38,32
41.505653858184814,0.7928781459059957,3600.0,-0.12,32
41.505653858184814,0.7928781459059957,3600.0,-0.12,32
41.525068283081055,0.7928781459059957,1800.0,0.41000000000000003,32
41.525068283081055,0.7928781459059957,1800.0,0.41000000000000003,32
41.54534959793091,0.8377580409572782,2880.0,-0.22,32
41.54534959793091,0.8377580409572782,2880.0,-0.22,32
41.565950870513916,0.8527180059743724,630.0,0.49,32
41.565950870513916,0.8527180059743724,630.0,0.49,32
41.58414649963379,0.882637936008561,4230.0,0.11,32
41.604480028152466,0.882637936008561,4230.0,0.11,32
41.604480028152466,0.8975979010256552,540.0,0.55,32
41.604480028152466,0.8975979010256552,540.0,0.55,32
41.623735427856445,0.9275178310598438,4680.0,0.13,32
41.64606785774231,0.9275178310598438,4680.0,0.13,32
41.64606785774231,0.9424777960769382,1530.0,0.26,32
41.64606785774231,0.9424777960769382,1530.0,0.26,32
41.664658069610596,0.9723977261111265,2880.0,-0.06,32
41.664658069610596,0.9723977261111265,2880.0,-0.06,32
41.68383455276489,0.9873576911282208,1080.0,0.46,32
41.68383455276489,0.9873576911282208,1080.0,0.46,32
41.70446300506592,1.0172776211624093,3240.0,-0.1,32
41.70446300506592,1.0172776211624093,3240.0,-0.1,32
41.72660541534424,1.0322375861795037,1440.0,0.36,32
41.74412775039673,1.0322375861795037,1440.0,0.36,32
41.74412775039673,1.062157516213692,3060.0,-0.08,32
41.74412775039673,1.062157516213692,3060.0,-0.08,32
41.764158725738525,1.0771174812307864,2520.0,-0.03,32
41.783833265304565,1.0771174812307864,2520.0,-0.03,32
41.783833265304565,1.0920774462478806,540.0,0.53,32
41.783833265304565,1.0920774462478806,540.0,0.53,32
41.80446672439575,1.121997376282069,2880.0,-0.09,32
41.80446672439575,1.121997376282069,2880.0,-0.09,32
41.82384729385376,1.1369573412991634,540.0,0.44,32
41.82384729385376,1.1369573412991634,540.0,0.44,32
41.84689974784851,1.1519173063162578,2610.0,-0.22,32
41.84689974784851,1.1519173063162578,2610.0,-0.22,32
41.866907596588135,1.166877271333352,720.0,0.39,32
41.866907596588135,1.166877271333352,720.0,0.39,32
41.88388919830322,1.1967972013675403,3690.0,0.0,32
41.904027462005615,1.1967972013675403,3690.0,0.0,32
41.904027462005615,1.2117571663846345,1350.0,-0.16,32
41.904027462005615,1.2117571663846345,1350.0,-0.16,32
41.92380142211914,1.2267171314017289,1530.0,0.21,32
41.92380142211914,1.2267171314017289,1530.0,0.21,32
41.94385814666748,1.2416770964188233,360.0,0.41000000000000003,32
41.94385814666748,1.2416770964188233,360.0,0.41000000000000003,32
41.966264486312866,1.2566370614359172,3060.0,0.08,32
41.966264486312866,1.2566370614359172,3060.0,0.08,32
41.98665809631348,1.2715970264530116,1440.0,-0.21,32
42.0039849281311,1.2715970264530116,1440.0,-0.21,32
42.0039849281311,1.2865569914701058,540.0,0.44,32
42.0039849281311,1.2865569914701058,540.0,0.44,32
42.024352073669434,1.3015169564872002,2700.0,-0.18,32
42.024352073669434,1.3015169564872002,2700.0,-0.18,32
42.04423236846924,1.3164769215042944,2250.0,-0.04,32
42.04423236846924,1.3164769215042944,2250.0,-0.04,32
42.064016580581665,1.3314368865213886,630.0,0.36,32
42.064016580581665,1.3314368865213886,630.0,0.36,32
42.084155797958374,1.3463968515384828,990.0,-0.3,32
42.103941202163696,1.3463968515384828,360.0,0.49,32
42.103941202163696,1.3463968515384828,360.0,0.49,32
42.103941202163696,1.3463968515384828,360.0,0.49,32
42.12418556213379,1.3763167815726716,2880.0,-0.13,32
42.12418556213379,1.3763167815726716,2880.0,-0.13,32
42.146806478500366,1.3763167815726716,540.0,-0.13,32
42.146806478500366,1.3763167815726716,540.0,-0.13,32
42.16462731361389,1.3912767465897655,180.0,-0.35000000000000003,32
42.18385314941406,1.3912767465897655,180.0,-0.35000000000000003,32
42.18385314941406,1.3912767465897655,360.0,0.51,32
42.20436954498291,1.3912767465897655,360.0,0.51,32
42.20436954498291,1.40623671160686,2790.0,-0.05,32
42.20436954498291,1.40623671160686,2790.0,-0.05,32
42.22658824920654,1.40623671160686,90.0,0.41000000000000003,32
42.22658824920654,1.40623671160686,90.0,0.41000000000000003,32
42.24381160736084,1.421196676623954,990.0,0.39,32
42.24381160736084,1.421196676623954,990.0,0.39,32
42.2650306224823,1.4361566416410487,180.0,-0.33,32
42.2650306224823,1.4361566416410487,180.0,-0.33,32
42.28394842147827,1.4361566416410487,360.0,0.37,32
42.28394842147827,1.4361566416410487,360.0,0.37,32
42.303895711898804,1.451116606658143,1530.0,-0.11,32
42.303895711898804,1.451116606658143,1530.0,-0.11,32
42.32392168045044,1.451116606658143,90.0,-0.24,32
42.32392168045044,1.451116606658143,90.0,-0.24,32
42.34497404098511,1.451116606658143,90.0,0.36,32
42.34497404098511,1.451116606658143,90.0,0.36,32
42.365299224853516,1.451116606658143,270.0,0.4,32
42.365299224853516,1.451116606658143,270.0,0.4,32
42.38376045227051,1.4660765716752369,2520.0,0.12,32
42.38376045227051,1.4660765716752369,2520.0,0.12,32
42.4040732383728,1.4660765716752369,270.0,-0.13,32
42.4040732383728,1.4660765716752369,270.0,-0.13,32
42.42420506477356,1.4660765716752369,90.0,-0.19,32
42.42420506477356,1.4660765716752369,90.0,-0.19,32
42.44413876533508,1.4660765716752369,0.0,-0.22,32
42.44413876533508,1.4660765716752369,0.0,-0.22,32
42.46688199043274,1.4660765716752369,0.0,-0.26,32
42.46688199043274,1.4660765716752369,0.0,-0.26,32
42.483967781066895,1.4660765716752369,0.0,-0.25,32
42.483967781066895,1.4660765716752369,0.0,-0.25,32
42.5041720867157,1.4660765716752369,-90.0,-0.3,32
42.5041720867157,1.4660765716752369,-90.0,-0.3,32
42.52402305603027,1.4660765716752369,0.0,-0.28,32
42.52402305603027,1.4660765716752369,0.0,-0.28,32
42.543954610824585,1.4660765716752369,0.0,-0.21,32
42.543954610824585,1.4660765716752369,0.0,-0.21,32
42.56398677825928,1.4660765716752369,0.0,-0.22,32
42.56398677825928,1.4660765716752369,0.0,-0.22,32
42.585779905319214,1.4660765716752369,-90.0,-0.16,32
42.603877782821655,1.4660765716752369,-90.0,-0.16,32
42.603877782821655,1.4660765716752369,-90.0,-0.12,32
42.603877782821655,1.4660765716752369,-90.0,-0.12,32
42.62462043762207,1.4660765716752369,-90.0,-0.07,32
42.62462043762207,1.4660765716752369,-90.0,-0.07,32
42.64430332183838,1.4660765716752369,-90.0,-0.07,32
42.64430332183838,1.4660765716752369,-90.0,-0.07,32
42.664273500442505,1.4660765716752369,-270.0,-0.19,32
42.664273500442505,1.4660765716752369,-270.0,-0.19,32
42.68574380874634,1.4660765716752369,-270.0,-0.31,32
42.704935789108276,1.4660765716752369,-270.0,-0.31,32
42.704935789108276,1.4660765716752369,-270.0,0.41000000000000003,32
42.704935789108276,1.4660765716752369,-270.0,0.41000000000000003,32
42.72549510002136,1.451116606658143,-2610.0,0.05,32
42.72549510002136,1.451116606658143,-2610.0,0.05,32
42.744038581848145,1.4361566416410487,-360.0,-0.28,32
42.744038581848145,1.4361566416410487,-360.0,-0.28,32
42.763975858688354,1.4361566416410487,-270.0,0.47000000000000003,32
42.763975858688354,1.4361566416410487,-270.0,0.47000000000000003,32
42.78658056259155,1.421196676623954,-2610.0,-0.04,32
42.78658056259155,1.421196676623954,-2610.0,-0.04,32
42.80399465560913,1.421196676623954,-540.0,-0.22,32
42.80399465560913,1.421196676623954,-540.0,-0.22,32
42.82563328742981,1.40623671160686,-450.0,-0.15,32
42.82563328742981,1.40623671160686,-450.0,-0.15,32
42.84400033950806,1.40623671160686,-180.0,0.36,32
42.84400033950806,1.40623671160686,-180.0,0.36,32
42.863945722579956,1.3912767465897655,-1710.0,0.1,32
42.863945722579956,1.3912767465897655,-1710.0,0.1,32
42.887022256851196,1.3763167815726716,-360.0,-0.3,32
42.887022256851196,1.3763167815726716,-360.0,-0.3,32
42.903998374938965,1.3763167815726716,-540.0,0.51,32
42.903998374938965,1.3763167815726716,-540.0,0.51,32
42.92415380477905,1.3463968515384828,-2610.0,0.0,32
42.94485545158386,1.3463968515384828,-2610.0,0.0,32
42.94485545158386,1.3314368865213886,-540.0,-0.2,32
42.94485545158386,1.3314368865213886,-540.0,-0.2,32
42.96411490440369,1.3314368865213886,-360.0,0.47000000000000003,32
42.96411490440369,1.3314368865213886,-360.0,0.47000000000000003,32
42.983938217163086,1.3164769215042944,-2340.0,0.23,32
42.983938217163086,1.3164769215042944,-2340.0,0.23,32
43.00402617454529,1.2865569914701058,-1440.0,-0.23,32
43.00402617454529,1.2865569914701058,-1440.0,-0.23,32
43.02442693710327,1.2865569914701058,-450.0,0.48,32
43.02442693710327,1.2865569914701058,-450.0,0.48,32
43.04427480697632,1.2715970264530116,-3510.0,-0.07,32
43.04427480697632,1.2715970264530116,-3510.0,-0.07,32
43.0639545917511,1.2566370614359172,-540.0,-0.27,32
43.0639545917511,1.2566370614359172,-540.0,-0.27,32
43.08761262893677,1.2416770964188233,-810.0,0.48,32
43.08761262893677,1.2416770964188233,-810.0,0.48,32
43.104368686676025,1.2267171314017289,-1260.0,-0.36,32
43.104368686676025,1.2267171314017289,-1260.0,-0.36,32
43.12714195251465,1.1967972013675403,-2430.0,-0.27,32
43.12714195251465,1.1967972013675403,-2430.0,-0.27,32
43.14390754699707,1.181837236350446,-2700.0,0.1,32
43.14390754699707,1.181837236350446,-2700.0,0.1,32
43.16417336463928,1.181837236350446,-720.0,0.54,32
43.16417336463928,1.181837236350446,-720.0,0.54,32
43.18423247337341,1.1369573412991634,-3780.0,0.08,32
43.18423247337341,1.1369573412991634,-3780.0,0.08,32
43.205979347229004,1.1369573412991634,-810.0,0.44,32
43.205979347229004,1.1369573412991634,-810.0,0.44,32
43.223848819732666,1.107037411264975,-3510.0,0.01,32
43.223848819732666,1.107037411264975,-3510.0,0.01,32
43.24388813972473,1.0920774462478806,-540.0,0.37,32
43.24388813972473,1.0920774462478806,-540.0,0.37,32
43.264893531799316,1.0771174812307864,-2610.0,-0.26,32
43.264893531799316,1.0771174812307864,-2610.0,-0.26,32
43.284518241882324,1.0471975511965976,-2880.0,0.22,32
43.284518241882324,1.0471975511965976,-2880.0,0.22,32
43.30417346954346,1.0322375861795037,-990.0,0.45,32
43.30417346954346,1.0322375861795037,-990.0,0.45,32
43.323967695236206,1.0172776211624093,-3420.0,0.17,32
43.323967695236206,1.0172776211624093,-3420.0,0.17,32
43.343934297561646,0.9873576911282208,-720.0,0.46,32
43.343934297561646,0.9873576911282208,-720.0,0.46,32
43.363831520080566,0.9723977261111265,-3870.0,0.17,32
43.363831520080566,0.9723977261111265,-3870.0,0.17,32
43.38450884819031,0.9424777960769382,-720.0,0.47000000000000003,32
43.38450884819031,0.9424777960769382,-720.0,0.47000000000000003,32
43.40529417991638,0.9125578660427495,-3690.0,0.18,32
43.424020767211914,0.9125578660427495,-3690.0,0.18,32
43.424020767211914,0.8975979010256552,-1170.0,0.35000000000000003,32
43.424020767211914,0.8975979010256552,-1170.0,0.35000000000000003,32
43.44510197639465,0.8676779709914668,-2700.0,-0.07,32
43.44510197639465,0.8676779709914668,-2700.0,-0.07,32
43.46455407142639,0.8527180059743724,-1710.0,0.26,32
43.46455407142639,0.8527180059743724,-1710.0,0.26,32
43.48426842689514,0.8227980759401841,-2970.0,-0.08,32
43.48426842689514,0.8227980759401841,-2970.0,-0.08,32
43.505470752716064,0.8078381109230898,-1800.0,0.35000000000000003,32
43.505470752716064,0.8078381109230898,-1800.0,0.35000000000000003,32
43.524476289749146,0.7779181808889013,-2340.0,-0.35000000000000003,32
43.524476289749146,0.7779181808889013,-2340.0,-0.35000000000000003,32
43.54387664794922,0.7479982508547127,-3690.0,0.2,32
43.54387664794922,0.7479982508547127,-3690.0,0.2,32
43.564000606536865,0.7330382858376184,-810.0,0.59,32
43.564000606536865,0.7330382858376184,-810.0,0.59,32
43.58501577377319,0.6881583907863358,-4770.0,-0.01,32
43.58501577377319,0.6881583907863358,-4770.0,-0.01,32
43.603936195373535,0.6731984257692414,-2250.0,0.3,32
43.603936195373535,0.6731984257692414,-2250.0,0.3,32
43.62389254570007,0.6432784957350529,-2970.0,-0.12,32
43.62389254570007,0.6432784957350529,-2970.0,-0.12,32
43.64532256126404,0.6283185307179586,-720.0,0.53,32
43.64532256126404,0.6283185307179586,-720.0,0.53,32
43.66403245925903,0.583438635666676,-5040.0,-0.08,32
43.68607950210571,0.583438635666676,-5040.0,-0.08,32
43.68607950210571,0.5684786706495817,-2430.0,-0.29,32
43.70397448539734,0.5385587406153932,-3870.0,0.2,32
43.70397448539734,0.5385587406153932,-3870.0,0.2,32
43.70397448539734,0.5385587406153932,-3870.0,0.2,32
43.72392416000366,0.5086388105812046,-3060.0,-0.05,32
43.72392416000366,0.5086388105812046,-3060.0,-0.05,32
43.74458837509155,0.47871888054701617,-3240.0,-0.14,32
43.764588832855225,0.47871888054701617,-3240.0,-0.14,32
43.764588832855225,0.4637589155299219,-2880.0,0.29,32
43.7842583656311,0.4637589155299219,-2880.0,0.29,32
43.7842583656311,0.4338389854957334,-1890.0,0.44,32
43.80403113365173,0.4338389854957334,-1890.0,0.44,32
43.80403113365173,0.38895909044445065,-4230.0,-0.02,32
43.80403113365173,0.38895909044445065,-4230.0,-0.02,32
43.823928117752075,0.37399912542735636,-2880.0,-0.16,32
43.823928117752075,0.37399912542735636,-2880.0,-0.16,32
43.84431171417236,0.3440791953931679,-2520.0,0.16,32
43.86544895172119,0.3440791953931679,-2520.0,0.16,32
43.86544895172119,0.3141592653589793,-2610.0,0.18,32
43.86544895172119,0.3141592653589793,-2610.0,0.18,32
43.88490009307861,0.28423933532479084,-3240.0,0.27,32
43.88490009307861,0.28423933532479084,-3240.0,0.27,32
43.903828620910645,0.2543194052906023,-4050.0,0.02,32
43.903828620910645,0.2543194052906023,-4050.0,0.02,32
43.92454957962036,0.2243994752564138,-3240.0,0.15,32
43.92454957962036,0.2243994752564138,-3240.0,0.15,32
43.94390273094177,0.19447954522222533,-2970.0,-0.22,32
43.94390273094177,0.19447954522222533,-2970.0,-0.22,32
43.967272996902466,0.1795195802051311,-810.0,0.68,32
43.967272996902466,0.1795195802051311,-810.0,0.68,32
43.985657930374146,0.1346396851538483,-5310.0,-0.05,32
43.985657930374146,0.1346396851538483,-5310.0,-0.05,32
44.00401258468628,0.10471975511965978,-2160.0,0.23,32
44.00401258468628,0.10471975511965978,-2160.0,0.23,32
44.0238401889801,0.07479982508547127,-2880.0,0.09,32
44.0238401889801,0.07479982508547127,-2880.0,0.09,32
44.043986320495605,0.04487989505128277,-2520.0,0.32,32
44.043986320495605,0.04487989505128277,-2520.0,0.32,32
44.065197467803955,0.014959965017094255,-3330.0,0.23,32
44.065197467803955,0.014959965017094255,-3330.0,0.23,32
44.08621144294739,0.0,-3780.0,-0.1,32
44.08621144294739,0.0,-3780.0,-0.1,32
44.10579252243042,-0.02991993003418851,-3600.0,0.25,32
44.10579252243042,-0.02991993003418851,-3600.0,0.25,32
44.124788999557495,-0.05983986006837702,-2430.0,0.23,32
44.124788999557495,-0.05983986006837702,-2430.0,0.23,32
44.14587163925171,-0.08975979010256555,-3600.0,0.16,32
44.14587163925171,-0.08975979010256555,-3600.0,0.16,32
44.16466498374939,-0.10471975511965978,-1800.0,0.41000000000000003,32
44.16466498374939,-0.10471975511965978,-1800.0,0.41000000000000003,32
44.18760704994202,-0.14959965017094254,-4320.0,0.0,32
44.18760704994202,-0.14959965017094254,-4320.0,0.0,32
44.20382070541382,-0.1645596151880368,-2970.0,0.22,32
44.20382070541382,-0.1645596151880368,-2970.0,0.22,32
44.22449517250061,-0.19447954522222533,-2070.0,0.36,32
44.22449517250061,-0.19447954522222533,-2070.0,0.36,32
44.24431920051575,-0.23935944027350808,-3960.0,-0.08,32
44.24431920051575,-0.23935944027350808,-3960.0,-0.08,32
44.26386594772339,-0.2543194052906023,-1710.0,0.5,32
44.26386594772339,-0.2543194052906023,-1710.0,0.5,32
44.284247398376465,-0.28423933532479084,-4410.0,0.18,32
44.284247398376465,-0.28423933532479084,-4410.0,0.18,32
44.30426907539368,-0.3141592653589793,-2790.0,-0.32,32
44.30426907539368,-0.3141592653589793,-2790.0,-0.32,32
44.32396578788757,-0.3440791953931679,-3870.0,0.23,32
44.32396578788757,-0.3440791953931679,-3870.0,0.23,32
44.34412956237793,-0.38895909044445065,-3780.0,0.0,32
44.34412956237793,-0.38895909044445065,-3780.0,0.0,32
44.364543437957764,-0.4039190554615449,-3420.0,0.11,32
44.385568141937256,-0.4039190554615449,-3420.0,0.11,32
44.385568141937256,-0.4338389854957334,-2970.0,0.2,32
44.385568141937256,-0.4338389854957334,-2970.0,0.2,32
44.40486145019531,-0.4487989505128276,-810.0,0.64,32
44.42431569099426,-0.4487989505128276,-810.0,0.64,32
44.42431569099426,-0.4936788455641104,-5220.0,-0.04,32
44.42431569099426,-0.4936788455641104,-5220.0,-0.04,32
44.44408631324768,-0.5086388105812046,-1350.0,0.43,32
44.44408631324768,-0.5086388105812046,-1350.0,0.43,32
44.465256452560425,-0.5535187056324875,-4230.0,-0.01,32
44.48402738571167,-0.5535187056324875,-1080.0,0.61,32
44.48402738571167,-0.5535187056324875,-1080.0,0.61,32
44.50455331802368,-0.5983986006837702,-3780.0,-0.24,32
44.50455331802368,-0.5983986006837702,-3780.0,-0.24,32
44.50455331802368,-0.5983986006837702,-3780.0,-0.24,32
44.52453136444092,-0.6283185307179586,-2790.0,0.17,32
44.52453136444092,-0.6283185307179586,-2790.0,0.17,32
44.544124126434326,-0.6432784957350529,-1260.0,0.45,32
44.544124126434326,-0.6432784957350529,-1260.0,0.45,32
44.565316677093506,-0.6881583907863358,-3690.0,-0.07,32
44.565316677093506,-0.6881583907863358,-3690.0,-0.07,32
44.58418011665344,-0.70311835580343,-2160.0,0.34,32
44.58418011665344,-0.70311835580343,-2160.0,0.34,32
44.604384660720825,-0.7180783208205244,-3150.0,0.29,32
44.604384660720825,-0.7180783208205244,-3150.0,0.29,32
44.62470507621765,-0.7629582158718071,-3330.0,-0.08,32
44.62470507621765,-0.7629582158718071,-3330.0,-0.08,32
44.643874168395996,-0.7779181808889013,-1890.0,0.3,32
44.643874168395996,-0.7779181808889013,-1890.0,0.3,32
44.66406750679016,-0.8078381109230898,-3150.0,-0.21,32
44.66406750679016,-0.8078381109230898,-3150.0,-0.21,32
44.683841705322266,-0.8377580409572782,-2970.0,-0.25,32
44.683841705322266,-0.8377580409572782,-2970.0,-0.25,32
44.704427003860474,-0.8527180059743724,-2610.0,0.3,32
44.704427003860474,-0.8527180059743724,-2610.0,0.3,32
44.72436022758484,-0.882637936008561,-3420.0,0.19,32
44.72436022758484,-0.882637936008561,-3420.0,0.19,32
44.745253562927246,-0.8975979010256552,-990.0,0.45,32
44.76588678359985,-0.8975979010256552,-990.0,0.45,32
44.76588678359985,-0.9275178310598438,-4050.0,-0.01,32
44.76588678359985,-0.9275178310598438,-4050.0,-0.01,32
44.78585362434387,-0.9424777960769382,-720.0,0.49,32
44.78585362434387,-0.9424777960769382,-720.0,0.49,32
44.804487228393555,-0.9723977261111265,-3870.0,0.0,32
44.804487228393555,-0.9723977261111265,-3870.0,0.0,32
44.82403635978699,-0.9873576911282208,-720.0,0.48,32
44.82403635978699,-0.9873576911282208,-720.0,0.48,32
44.84502625465393,-1.0172776211624093,-3600.0,-0.09,32
44.84502625465393,-1.0172776211624093,-3600.0,-0.09,32
44.86406493186951,-1.0322375861795037,-1170.0,0.44,32
44.88493251800537,-1.0322375861795037,-1170.0,0.44,32
44.88493251800537,-1.062157516213692,-3150.0,-0.09,32
44.88493251800537,-1.062157516213692,-3150.0,-0.09,32
44.90489482879639,-1.0771174812307864,-990.0,0.47000000000000003,32
44.90489482879639,-1.0771174812307864,-990.0,0.47000000000000003,32
44.92796087265015,-1.0920774462478806,-1800.0,0.31,32
44.92796087265015,-1.0920774462478806,-1800.0,0.31,32
44.94434428215027,-1.107037411264975,-720.0,0.49,32
44.96609020233154,-1.1369573412991634,-3780.0,0.12,32
44.96609020233154,-1.1369573412991634,-3780.0,0.12,32
44.96609020233154,-1.1369573412991634,-3780.0,0.12,32
44.9840521812439,-1.1519173063162578,-630.0,0.38,32
44.9840521812439,-1.1519173063162578,-630.0,0.38,32
45.00551414489746,-1.166877271333352,-2970.0,0.14,32
45.00551414489746,-1.166877271333352,-2970.0,0.14,32
45.02453923225403,-1.1967972013675403,-990.0,-0.31,32
45.04401683807373,-1.1967972013675403,-990.0,-0.31,32
45.04401683807373,-1.1967972013675403,-540.0,0.55,32
45.04401683807373,-1.1967972013675403,-540.0,0.55,32
45.06543803215027,-1.2267171314017289,-3690.0,0.06,32
45.08491063117981,-1.2267171314017289,-3690.0,0.06,32
45.08491063117981,-1.2416770964188233,-540.0,0.39,32
45.08491063117981,-1.2416770964188233,-540.0,0.39,32
45.10521221160889,-1.2566370614359172,-2070.0,0.3,32
45.10521221160889,-1.2566370614359172,-2070.0,0.3,32
45.125019550323486,-1.2865569914701058,-1710.0,-0.23,32
45.125019550323486,-1.2865569914701058,-1710.0,-0.23,32
45.14415955543518,-1.2865569914701058,-540.0,0.45,32
45.14415955543518,-1.2865569914701058,-540.0,0.45,32
45.16404724121094,-1.3015169564872002,-1710.0,-0.35000000000000003,32
45.16404724121094,-1.3015169564872002,-1710.0,-0.35000000000000003,32
45.18396782875061,-1.3015169564872002,-720.0,0.48,32
45.205315589904785,-1.3015169564872002,-720.0,0.48,32
45.205315589904785,-1.3314368865213886,-2430.0,-0.05,32
45.22535228729248,-1.3314368865213886,-2430.0,-0.05,32
45.22535228729248,-1.3463968515384828,-540.0,-0.3,32
45.24473333358765,-1.3463968515384828,-450.0,0.56,32
45.24473333358765,-1.3463968515384828,-450.0,0.56,32
45.24473333358765,-1.3463968515384828,-450.0,0.56,32
45.265015602111816,-1.3613568165555772,-1620.0,0.42,32
45.265015602111816,-1.3613568165555772,-1620.0,0.42,32
45.28634071350098,-1.3912767465897655,-2250.0,-0.02,32
45.28634071350098,-1.3912767465897655,-2250.0,-0.02,32
45.30497407913208,-1.3912767465897655,-180.0,-0.31,32
45.30497407913208,-1.3912767465897655,-180.0,-0.31,32
45.32421851158142,-1.3912767465897655,-360.0,0.44,32
45.32421851158142,-1.3912767465897655,-360.0,0.44,32
45.344847202301025,-1.40623671160686,-3060.0,0.0,32
45.344847202301025,-1.40623671160686,-3060.0,0.0,32
45.364721059799194,-1.40623671160686,-450.0,-0.27,32
45.364721059799194,-1.40623671160686,-450.0,-0.27,32
45.38400673866272,-1.421196676623954,-990.0,-0.13,32
45.38400673866272,-1.421196676623954,-990.0,-0.13,32
45.40639305114746,-1.4361566416410487,-180.0,-0.27,32
45.40639305114746,-1.4361566416410487,-180.0,-0.27,32
45.42515802383423,-1.4361566416410487,-360.0,0.31,32
45.42515802383423,-1.4361566416410487,-360.0,0.31,32
45.44809150695801,-1.451116606658143,-2700.0,0.12,32
45.44809150695801,-1.451116606658143,-2700.0,0.12,32
45.46392488479614,-1.451116606658143,-270.0,-0.18,32
45.4841194152832,-1.451116606658143,-270.0,-0.18,32
45.4841194152832,-1.451116606658143,-90.0,0.33,32
45.5039587020874,-1.451116606658143,-90.0,0.33,32
45.5039587020874,-1.451116606658143,0.0,0.41000000000000003,32
45.5039587020874,-1.451116606658143,0.0,0.41000000000000003,32
45.5257203578949,-1.451116606658143,-270.0,0.46,32
45.5257203578949,-1.451116606658143,-270.0,0.46,32
45.54386520385742,-1.4660765716752369,-2160.0,-0.07,32
45.54386520385742,-1.4660765716752369,-2160.0,-0.07,32
45.56609344482422,-1.4660765716752369,-180.0,-0.22,32
45.56609344482422,-1.4660765716752369,-180.0,-0.22,32
45.584657192230225,-1.4660765716752369,0.0,-0.29,32
45.584657192230225,-1.4660765716752369,0.0,-0.29,32
45.60951495170593,-1.4660765716752369,0.0,-0.31,32
45.624194622039795,-1.4660765716752369,0.0,-0.31,32
45.624194622039795,-1.4660765716752369,0.0,-0.36,32
45.624194622039795,-1.4660765716752369,0.0,-0.36,32
45.64563846588135,-1.4660765716752369,0.0,0.38,32
45.66688632965088,-1.4660765716752369,0.0,0.38,32
45.66688632965088,-1.4660765716752369,0.0,0.38,32
45.66688632965088,-1.4660765716752369,0.0,0.38,32
45.68399095535278,-1.4660765716752369,0.0,0.37,32
45.68399095535278,-1.4660765716752369,0.0,0.37,32
45.70480418205261,-1.4660765716752369,0.0,-0.34,32
45.70480418205261,-1.4660765716752369,0.0,-0.34,32
45.73095893859863,-1.4660765716752369,0.0,-0.27,32
45.744030237197876,-1.4660765716752369,0.0,-0.27,32
45.744030237197876,-1.4660765716752369,90.0,-0.2,32
45.744030237197876,-1.4660765716752369,90.0,-0.2,32
45.7652645111084,-1.4660765716752369,0.0,-0.12,32
45.78540325164795,-1.4660765716752369,0.0,-0.12,32
45.78540325164795,-1.4660765716752369,0.0,-0.03,32
45.80394649505615,-1.4660765716752369,0.0,-0.03,32
45.80394649505615,-1.4660765716752369,90.0,-0.1,32
45.80394649505615,-1.4660765716752369,90.0,-0.1,32
45.83066964149475,-1.4660765716752369,90.0,-0.23,32
45.83066964149475,-1.4660765716752369,90.0,-0.23,32
45.84431743621826,-1.4660765716752369,450.0,-0.35000000000000003,32
45.84431743621826,-1.4660765716752369,450.0,-0.35000000000000003,32
45.86725616455078,-1.451116606658143,2160.0,-0.05,32
